reporting_period,firm_name,total_complaints,period_order,complaint_share_pct
2024H1,AIB Group (uk) PLC,568.0,0,0.03
2024H1,Accord Mortgages Limited,992.0,0,0.06
2024H1,Accredited Insurance (europe) LTD,5609.0,0,0.32
2024H1,Acm Ulr Limited,1247.0,0,0.07
2024H1,Acorn Insurance & Financial Services LTD,633.0,0,0.04
2024H1,Action 365 LTD,997.0,0,0.06
2024H1,Adrian Flux Insurance Services Group,1271.0,0,0.07
2024H1,Advisory Insurance Brokers Limited,758.0,0,0.04
2024H1,Affinity Insurance Solutions Limited,1121.0,0,0.06
2024H1,Ageas Insurance Limited,6073.0,0,0.34
2024H1,Ageas Retail Limited,1096.0,0,0.06
2024H1,Aig Life Limited,633.0,0,0.04
2024H1,Aioi Nissay Dowa Insurance UK Limited,2542.0,0,0.14
2024H1,Aj Bell Management Limited,763.0,0,0.04
2024H1,Aj Bell Securities Limited,692.0,0,0.04
2024H1,Aldermore Bank PLC,1796.0,0,0.1
2024H1,Allianz Insurance PLC,3395.0,0,0.19
2024H1,American Express Services Europe Limited (aesel),8787.0,0,0.5
2024H1,American International Group UK Limited,3167.0,0,0.18
2024H1,Amtrust Europe Limited,2046.0,0,0.12
2024H1,Animal Friends Insurance Services LTD,3888.0,0,0.22
2024H1,Arnold Clark Automobiles Limited,21.0,0,0.0
2024H1,Arthur J. Gallagher Insurance Brokers Limited,1082.0,0,0.06
2024H1,Assurant General Insurance Limited,6202.0,0,0.35
2024H1,Astrenska Insurance Limited,1911.0,0,0.11
2024H1,Asurion Europe Limited,1586.0,0,0.09
2024H1,Atlanta Insurance Intermediaries Limited,12140.0,0,0.68
2024H1,Automobile Association Insurance Services Limited,11667.0,0,0.66
2024H1,Avantia Insurance Limited,1764.0,0,0.1
2024H1,Aviva Health UK Limited,1606.0,0,0.09
2024H1,Aviva Insurance Limited,48518.0,0,2.73
2024H1,Aviva Life Services UK Limited,24391.0,0,1.37
2024H1,Awp Assistance UK LTD,2493.0,0,0.14
2024H1,Awp P&c S.a.,1698.0,0,0.1
2024H1,Axa Insurance Designated Activity Company,2167.0,0,0.12
2024H1,Axa Insurance UK PLC,28525.0,0,1.61
2024H1,Axa Ppp Healthcare Limited,41657.0,0,2.35
2024H1,Bank Of Ireland (uk) PLC,3889.0,0,0.22
2024H1,Bank Of Scotland PLC,78357.0,0,4.42
2024H1,Barclays Bank PLC,10840.0,0,0.61
2024H1,Barclays Bank UK PLC,79955.0,0,4.51
2024H1,Bisl Limited,11260.0,0,0.63
2024H1,Black Horse Limited,412.0,0,0.02
2024H1,Brightside Insurance Services Limited,723.0,0,0.04
2024H1,British Gas Services Limited,55282.0,0,3.12
2024H1,Bspoke Underwriting LTD,526.0,0,0.03
2024H1,Bupa Insurance Services Limited,33137.0,0,1.87
2024H1,Cabot Credit Management Group Limited,24.0,0,0.0
2024H1,Call Assist LTD,852.0,0,0.05
2024H1,Canada Life Limited,1107.0,0,0.06
2024H1,Capital One (europe) PLC,24819.0,0,1.4
2024H1,Car Care Plan Limited,978.0,0,0.06
2024H1,Carfinance247 Limited,146.0,0,0.01
2024H1,Carole Nash Insurance Consultants LTD,4413.0,0,0.25
2024H1,Charter Court Financial Services Limited,2192.0,0,0.12
2024H1,Chetwood Financial Limited,354.0,0,0.02
2024H1,Chubb European Group Se,4575.0,0,0.26
2024H1,Citibank UK Limited,1842.0,0,0.1
2024H1,Clearbank Limited,3239.0,0,0.18
2024H1,Close Brothers Limited,348.0,0,0.02
2024H1,Clydesdale Bank PLC,34377.0,0,1.94
2024H1,Cofunds Limited,1071.0,0,0.06
2024H1,Columbia Threadneedle Management Limited,637.0,0,0.04
2024H1,Compare The Market Limited,505.0,0,0.03
2024H1,Complete Cover Group LTD,900.0,0,0.05
2024H1,Connells Limited,572.0,0,0.03
2024H1,Corgi Homeplan LTD,1956.0,0,0.11
2024H1,Coutts & Company,1589.0,0,0.09
2024H1,Covea Insurance PLC,2243.0,0,0.13
2024H1,Coventry Building Society,3964.0,0,0.22
2024H1,Creation Consumer Finance LTD,6333.0,0,0.36
2024H1,Creation Financial Services Limited,667.0,0,0.04
2024H1,Cynergy Bank PLC,704.0,0,0.04
2024H1,Das Legal Expenses Insurance Company Limited,1947.0,0,0.11
2024H1,Devitt Insurance Services LTD,486.0,0,0.03
2024H1,Domestic & General Insurance PLC,48821.0,0,2.75
2024H1,Elavon Financial Services Designated Activity Company,2221.0,0,0.13
2024H1,Elderbridge Limited,974.0,0,0.05
2024H1,Embark Investment Services Limited,1101.0,0,0.06
2024H1,Equiniti Financial Services Limited,3255.0,0,0.18
2024H1,Ergo Travel Insurance Services LTD,2921.0,0,0.16
2024H1,Esure Insurance Limited,20386.0,0,1.15
2024H1,Eui Limited,66719.0,0,3.76
2024H1,Exeter Friendly Society Limited,509.0,0,0.03
2024H1,Experian Limited,3.0,0,0.0
2024H1,Extracover Limited,561.0,0,0.03
2024H1,Family Equity Plan Limited,1207.0,0,0.07
2024H1,Fce Bank PLC,94.0,0,0.01
2024H1,Financial Administration Services Limited,2347.0,0,0.13
2024H1,First Central Insurance Management Limited,10584.0,0,0.6
2024H1,Firstrand Bank Limited,31.0,0,0.0
2024H1,Fish Administration Limited,530.0,0,0.03
2024H1,Forester Life Limited,712.0,0,0.04
2024H1,Fortegra Europe Insurance Company LTD,4001.0,0,0.23
2024H1,Frasers Group Financial Services Limited,1.0,0,0.0
2024H1,Funding Circle LTD,36.0,0,0.0
2024H1,HSBC UK Bank PLC,109178.0,0,6.15
2024H1,Halifax Share Dealing Limited,706.0,0,0.04
2024H1,Hargreaves Lansdown Asset Management Limited,5347.0,0,0.3
2024H1,Hastings Insurance Services Limited,18217.0,0,1.03
2024H1,Hbos Investment Fund Managers Limited,754.0,0,0.04
2024H1,Helvetia Global Solutions LTD,1363.0,0,0.08
2024H1,Hiscox Insurance Company Limited,630.0,0,0.04
2024H1,Home Retail Group Card Services Limited,4398.0,0,0.25
2024H1,Homeserve Membership Limited,2864.0,0,0.16
2024H1,Hood Travel Limited,566.0,0,0.03
2024H1,Howserv Limited,2045.0,0,0.12
2024H1,Hyundai Capital UK Limited,0.0,0,0.0
2024H1,I Go 4 Ltd.,1208.0,0,0.07
2024H1,Ikano Bank Ab (publ),1732.0,0,0.1
2024H1,Insurance Factory LTD,3805.0,0,0.21
2024H1,Integra Insurance Solutions Limited,535.0,0,0.03
2024H1,Inter Partner Assistance Sa,7928.0,0,0.45
2024H1,Interactive Brokers (u.k.) Limited,673.0,0,0.04
2024H1,Interactive Investor Services Limited,2590.0,0,0.15
2024H1,Invesco Fund Managers Limited,650.0,0,0.04
2024H1,Investec Bank PLC,506.0,0,0.03
2024H1,Investment Funds Direct Limited,606.0,0,0.03
2024H1,J D Williams & Company Limited,10.0,0,0.0
2024H1,J.p. Morgan Europe Limited,12121.0,0,0.68
2024H1,James Hay Administration Company LTD,734.0,0,0.04
2024H1,Janus Henderson Fund Management UK Limited,792.0,0,0.04
2024H1,Kensington Mortgage Company Limited,1055.0,0,0.06
2024H1,Kroo Bank LTD,1083.0,0,0.06
2024H1,Landmark Mortgages Limited,782.0,0,0.04
2024H1,Leaseplan UK Limited,3.0,0,0.0
2024H1,Leeds Building Society,3305.0,0,0.19
2024H1,Legal & General (portfolio Management Services) LTD,571.0,0,0.03
2024H1,Legal And General Assurance Society Limited,4816.0,0,0.27
2024H1,Lenvi Servicing Limited,1380.0,0,0.08
2024H1,Liverpool Victoria Financial Services Limited,2345.0,0,0.13
2024H1,Liverpool Victoria Insurance Company Limited,10678.0,0,0.6
2024H1,Lloyds Bank General Insurance Limited,6428.0,0,0.36
2024H1,Lloyds Bank PLC,72949.0,0,4.11
2024H1,London And Country Mortgages LTD,615.0,0,0.03
2024H1,M & G Securities Limited,852.0,0,0.05
2024H1,MBNA Limited,10690.0,0,0.6
2024H1,Manypets LTD,6653.0,0,0.37
2024H1,Marks & Spencer Financial Services PLC,9479.0,0,0.53
2024H1,Marshmallow Financial Services LTD,2918.0,0,0.16
2024H1,Metlife Europe D.a.c.,501.0,0,0.03
2024H1,Metro Bank PLC,9246.0,0,0.52
2024H1,Monzo Bank LTD,42089.0,0,2.37
2024H1,Moorcroft Debt Recovery Limited,551.0,0,0.03
2024H1,Motonovo Finance Limited,41.0,0,0.0
2024H1,Munich Re Digital Partners LTD,1000.0,0,0.06
2024H1,National Westminster Bank PLC,87800.0,0,4.95
2024H1,Nationwide Building Society,61778.0,0,3.48
2024H1,Newcastle Building Society,543.0,0,0.03
2024H1,Northern Bank Limited,1687.0,0,0.1
2024H1,Nutmeg Saving And Investment Limited,659.0,0,0.04
2024H1,One Call Insurance Services Limited,3202.0,0,0.18
2024H1,Onesavings Bank PLC,2397.0,0,0.14
2024H1,Paragon Bank PLC,1039.0,0,0.06
2024H1,Pendragon Finance And Insurance Services Limited,34.0,0,0.0
2024H1,People's Administration Services Limited,4246.0,0,0.24
2024H1,Pepper (uk) Limited,763.0,0,0.04
2024H1,Phoenix Life Limited,13974.0,0,0.79
2024H1,Pinnacle Insurance PLC,2528.0,0,0.14
2024H1,Prestige Underwriting Services LTD,507.0,0,0.03
2024H1,Principality Building Society,1237.0,0,0.07
2024H1,Qbe UK Limited,944.0,0,0.05
2024H1,Qmetric Group Limited,3280.0,0,0.18
2024H1,Quilter Investment Platform Limited,610.0,0,0.03
2024H1,Quilter Life & Pensions Limited,799.0,0,0.05
2024H1,RBS Collective Investment Funds Limited,1430.0,0,0.08
2024H1,Rac Motoring Services,9218.0,0,0.52
2024H1,Reassure Life Limited,979.0,0,0.06
2024H1,Reassure Limited,5006.0,0,0.28
2024H1,Reassured LTD,607.0,0,0.03
2024H1,Rock Insurance Services Limited,818.0,0,0.05
2024H1,Royal & Sun Alliance Insurance Limited,15116.0,0,0.85
2024H1,Sabre Insurance Company Limited,681.0,0,0.04
2024H1,Saga Services Limited,16349.0,0,0.92
2024H1,Sainsbury's Bank PLC,4384.0,0,0.25
2024H1,Santander Consumer (uk) PLC,1.0,0,0.0
2024H1,Santander UK PLC,67816.0,0,3.82
2024H1,Scottish Equitable PLC,4899.0,0,0.28
2024H1,Scottish Friendly Assurance Society Limited,1366.0,0,0.08
2024H1,Scottish Widows Administration Services Limited,538.0,0,0.03
2024H1,Scottish Widows Limited,12734.0,0,0.72
2024H1,Scottish Widows Unit Trust Managers Limited,631.0,0,0.04
2024H1,Secure Trust Bank PLC,323.0,0,0.02
2024H1,Shawbrook Bank Limited,1767.0,0,0.1
2024H1,Shop Direct Finance Company Limited,418.0,0,0.02
2024H1,Simplyhealth Access,1997.0,0,0.11
2024H1,Skipton Building Society,3679.0,0,0.21
2024H1,Society Of Lloyd's,5309.0,0,0.3
2024H1,Somerset Bridge Insurance Services Limited,519.0,0,0.03
2024H1,St James's Place Investment Administration Limited,508.0,0,0.03
2024H1,St James's Place UK PLC,1346.0,0,0.08
2024H1,St. James's Place Wealth Management PLC,15375.0,0,0.87
2024H1,Standard Life Savings Limited,665.0,0,0.04
2024H1,Starling Bank Limited,20482.0,0,1.15
2024H1,Starr International (europe) Limited,1681.0,0,0.09
2024H1,Suffolk Life Pensions Limited,536.0,0,0.03
2024H1,Sun Life Assurance Company Of Canada (u.k.) Limited,1177.0,0,0.07
2024H1,Swift 1st Limited,912.0,0,0.05
2024H1,TSB Bank PLC,25734.0,0,1.45
2024H1,Telefonica Seguros Y Reaseguros Compania Aseguradora S.a.u.,3102.0,0,0.17
2024H1,Telefonica UK Limited,29.0,0,0.0
2024H1,Tesco Personal Finance PLC,17949.0,0,1.01
2024H1,Tesco Underwriting Limited,2740.0,0,0.15
2024H1,The Co-operative Bank PLC,16152.0,0,0.91
2024H1,The Mortgage Works (uk) PLC,1534.0,0,0.09
2024H1,The National Farmers' Union Mutual Insurance Society Limited,6774.0,0,0.38
2024H1,The Prudential Assurance Company Limited,10167.0,0,0.57
2024H1,The Royal Bank Of Scotland PLC,20286.0,0,1.14
2024H1,The Royal London Mutual Insurance Society Limited,8462.0,0,0.48
2024H1,Topaz Finance Limited,2693.0,0,0.15
2024H1,Tradex Insurance Company PLC,1588.0,0,0.09
2024H1,Triodos Bank UK Limited,687.0,0,0.04
2024H1,U K Insurance Limited,53474.0,0,3.01
2024H1,UK Mortgage Lending LTD,656.0,0,0.04
2024H1,Unum LTD,581.0,0,0.03
2024H1,Usay Business Limited,688.0,0,0.04
2024H1,Utility Warehouse Limited,609.0,0,0.03
2024H1,"Vanguard Asset Management, LTD",2135.0,0,0.12
2024H1,Vanquis Bank Limited,33775.0,0,1.9
2024H1,Vitality Corporate Services Limited,9239.0,0,0.52
2024H1,Vodafone Limited,377.0,0,0.02
2024H1,Volkswagen Financial Services (uk) Limited,3.0,0,0.0
2024H1,Wesleyan Assurance Society,885.0,0,0.05
2024H1,Xbridge Limited,1061.0,0,0.06
2024H1,Yorkshire Building Society,3259.0,0,0.18
2024H1,Zempler Bank Limited,1769.0,0,0.1
2024H1,Zopa Bank Limited,3092.0,0,0.17
2024H1,Zurich Assurance LTD,4165.0,0,0.23
2024H1,Zurich Insurance Company LTD,3455.0,0,0.19
2024H2,Accord Mortgages Limited,892.0,1,0.05
2024H2,Accredited Insurance (europe) LTD,4219.0,1,0.25
2024H2,Acm Ulr Limited,865.0,1,0.05
2024H2,Acorn Insurance & Financial Services LTD,823.0,1,0.05
2024H2,Action 365 LTD,966.0,1,0.06
2024H2,Adrian Flux Insurance Services Group,1665.0,1,0.1
2024H2,Advisory Insurance Brokers Limited,816.0,1,0.05
2024H2,Affinity Insurance Solutions Limited,806.0,1,0.05
2024H2,Ageas Insurance Limited,5058.0,1,0.3
2024H2,Ageas Retail Limited,993.0,1,0.06
2024H2,Aioi Nissay Dowa Insurance UK Limited,2193.0,1,0.13
2024H2,Aj Bell Management Limited,955.0,1,0.06
2024H2,Aj Bell Securities Limited,959.0,1,0.06
2024H2,Aldermore Bank PLC,1444.0,1,0.09
2024H2,Allianz Insurance PLC,2947.0,1,0.17
2024H2,American Express Services Europe Limited,11273.0,1,0.67
2024H2,American International Group UK Limited,1109.0,1,0.07
2024H2,Amtrust Specialty Limited,2314.0,1,0.14
2024H2,Animal Friends Insurance Services LTD,3228.0,1,0.19
2024H2,Arag Legal Expenses Insurance Company Limited,1930.0,1,0.11
2024H2,Arthur J. Gallagher Insurance Brokers Limited,1047.0,1,0.06
2024H2,Assurant General Insurance Limited,6996.0,1,0.41
2024H2,Astrenska Insurance Limited,1854.0,1,0.11
2024H2,Asurion Europe Limited,1431.0,1,0.08
2024H2,Atlanta Insurance Intermediaries Limited,9798.0,1,0.58
2024H2,Automobile Association Insurance Services Limited,8063.0,1,0.48
2024H2,Avantia Insurance Limited,1437.0,1,0.08
2024H2,Aviva Health UK Limited,1337.0,1,0.08
2024H2,Aviva Insurance Limited,49190.0,1,2.91
2024H2,Aviva Life Services UK Limited,23862.0,1,1.41
2024H2,Aviva Protection UK Limited,742.0,1,0.04
2024H2,Awp Assistance UK LTD,2716.0,1,0.16
2024H2,Awp P&c S.a.,2225.0,1,0.13
2024H2,Axa Insurance Designated Activity Company,2047.0,1,0.12
2024H2,Axa Insurance UK PLC,20381.0,1,1.2
2024H2,Axa Ppp Healthcare Limited,24510.0,1,1.45
2024H2,Bank Of Ireland (uk) PLC,3367.0,1,0.2
2024H2,Bank Of Scotland PLC,74404.0,1,4.4
2024H2,Barclays Bank PLC,9458.0,1,0.56
2024H2,Barclays Bank UK PLC,68750.0,1,4.06
2024H2,Bisl Limited,13571.0,1,0.8
2024H2,British Gas Services Limited,57808.0,1,3.42
2024H2,Bupa Insurance Services Limited,31626.0,1,1.87
2024H2,Business Insurance Solutions Limited,479.0,1,0.03
2024H2,Cabot Credit Management Group Limited,26.0,1,0.0
2024H2,Call Assist LTD,644.0,1,0.04
2024H2,Capital Home Loans Limited,515.0,1,0.03
2024H2,Capital One (europe) PLC,23665.0,1,1.4
2024H2,Car Care Plan Limited,1043.0,1,0.06
2024H2,Carfinance247 Limited,158.0,1,0.01
2024H2,Carole Nash Insurance Consultants LTD,3087.0,1,0.18
2024H2,Castelan Limited,541.0,1,0.03
2024H2,Charter Court Financial Services Limited,2022.0,1,0.12
2024H2,Chetwood Financial Limited,339.0,1,0.02
2024H2,Chubb European Group Se,4200.0,1,0.25
2024H2,Citibank UK Limited,755.0,1,0.04
2024H2,Clearbank Limited,3540.0,1,0.21
2024H2,Close Brothers Limited,315.0,1,0.02
2024H2,Clydesdale Bank PLC,37438.0,1,2.21
2024H2,Cofunds Limited,992.0,1,0.06
2024H2,Complete Cover Group LTD,963.0,1,0.06
2024H2,Connells Limited,525.0,1,0.03
2024H2,Corgi Homeplan LTD,1809.0,1,0.11
2024H2,Countrywide Assured PLC,664.0,1,0.04
2024H2,Coutts & Company,1776.0,1,0.1
2024H2,Covea Insurance PLC,2490.0,1,0.15
2024H2,Coventry Building Society,3969.0,1,0.23
2024H2,Creation Consumer Finance LTD,5621.0,1,0.33
2024H2,Creation Financial Services Limited,520.0,1,0.03
2024H2,Cynergy Bank PLC,907.0,1,0.05
2024H2,Domestic & General Insurance PLC,44570.0,1,2.63
2024H2,Elderbridge Limited,919.0,1,0.05
2024H2,Embark Investment Services Limited,755.0,1,0.04
2024H2,Equiniti Financial Services Limited,2099.0,1,0.12
2024H2,Ergo Travel Insurance Services LTD,3011.0,1,0.18
2024H2,Esure Insurance Limited,16080.0,1,0.95
2024H2,Eui Limited,73418.0,1,4.34
2024H2,Exeter Friendly Society Limited,1162.0,1,0.07
2024H2,Experian Limited,2.0,1,0.0
2024H2,Extracover Limited,519.0,1,0.03
2024H2,Family Assurance Friendly Society Limited,529.0,1,0.03
2024H2,Family Equity Plan Limited,830.0,1,0.05
2024H2,Fce Bank PLC,146.0,1,0.01
2024H2,Financial Administration Services Limited,2030.0,1,0.12
2024H2,First Central Insurance Management Limited,9224.0,1,0.55
2024H2,Firstrand Bank Limited,42.0,1,0.0
2024H2,Forester Life Limited,502.0,1,0.03
2024H2,Forsakringsaktiebolaget Agria (publ),674.0,1,0.04
2024H2,Fortegra Europe Insurance Company LTD,3858.0,1,0.23
2024H2,Funding Circle LTD,36.0,1,0.0
2024H2,HSBC UK Bank PLC,98421.0,1,5.82
2024H2,Halifax Share Dealing Limited,562.0,1,0.03
2024H2,Hargreaves Lansdown Asset Management Limited,5703.0,1,0.34
2024H2,Hastings Insurance Services Limited,15998.0,1,0.95
2024H2,Hbos Investment Fund Managers Limited,710.0,1,0.04
2024H2,Helvetia Global Solutions LTD,1232.0,1,0.07
2024H2,Highway Insurance Company Limited,505.0,1,0.03
2024H2,Hiscox Insurance Company Limited,510.0,1,0.03
2024H2,Home Retail Group Card Services Limited,3944.0,1,0.23
2024H2,Homeserve Membership Limited,2489.0,1,0.15
2024H2,Hood Travel Limited,681.0,1,0.04
2024H2,Howserv Limited,2239.0,1,0.13
2024H2,Hyundai Capital UK Limited,0.0,1,0.0
2024H2,I Go 4 Ltd.,890.0,1,0.05
2024H2,Ikano Bank Ab (publ),1357.0,1,0.08
2024H2,Insurance Factory LTD,4565.0,1,0.27
2024H2,Inter Partner Assistance Sa,9669.0,1,0.57
2024H2,Interactive Brokers (u.k.) Limited,617.0,1,0.04
2024H2,Interactive Investor Services Limited,2093.0,1,0.12
2024H2,Invesco Fund Managers Limited,544.0,1,0.03
2024H2,J D Williams & Company Limited,1.0,1,0.0
2024H2,J.p. Morgan Europe Limited,12193.0,1,0.72
2024H2,James Hay Administration Company LTD,1179.0,1,0.07
2024H2,Janus Henderson Fund Management UK Limited,541.0,1,0.03
2024H2,Kensington Mortgage Company Limited,992.0,1,0.06
2024H2,Kroo Bank LTD,1246.0,1,0.07
2024H2,Landmark Mortgages Limited,751.0,1,0.04
2024H2,Leaseplan UK Limited,20.0,1,0.0
2024H2,Leeds Building Society,3326.0,1,0.2
2024H2,Legal & General (portfolio Management Services) LTD,522.0,1,0.03
2024H2,Legal And General Assurance Society Limited,4123.0,1,0.24
2024H2,Lenvi Servicing Limited,813.0,1,0.05
2024H2,Liverpool Victoria Financial Services Limited,2044.0,1,0.12
2024H2,Liverpool Victoria Insurance Company Limited,9279.0,1,0.55
2024H2,Lloyds Bank General Insurance Limited,5611.0,1,0.33
2024H2,Lloyds Bank PLC,76760.0,1,4.54
2024H2,London And Country Mortgages LTD,635.0,1,0.04
2024H2,M & G Securities Limited,577.0,1,0.03
2024H2,MBNA Limited,9081.0,1,0.54
2024H2,Manypets LTD,4914.0,1,0.29
2024H2,Marks & Spencer Financial Services PLC,8338.0,1,0.49
2024H2,Marshmallow Financial Services LTD,4843.0,1,0.29
2024H2,Metlife Europe D.a.c.,750.0,1,0.04
2024H2,Metro Bank PLC,8916.0,1,0.53
2024H2,Monzo Bank LTD,50752.0,1,3.0
2024H2,Moorcroft Debt Recovery Limited,578.0,1,0.03
2024H2,Motonovo Finance Limited,24.0,1,0.0
2024H2,Munich Re Digital Partners Limited,1289.0,1,0.08
2024H2,National House-building Council,570.0,1,0.03
2024H2,National Westminster Bank Public Limited Company,88461.0,1,5.23
2024H2,Nationwide Building Society,63363.0,1,3.74
2024H2,Newcastle Building Society,804.0,1,0.05
2024H2,Northern Bank Limited,1536.0,1,0.09
2024H2,Nutmeg Saving And Investment Limited,772.0,1,0.05
2024H2,One Call Insurance Services Limited,3113.0,1,0.18
2024H2,Onesavings Bank PLC,2977.0,1,0.18
2024H2,Paragon Bank PLC,1095.0,1,0.06
2024H2,People's Administration Services Limited,3611.0,1,0.21
2024H2,Pepper (uk) Limited,621.0,1,0.04
2024H2,Phoenix Life Ca Limited,1042.0,1,0.06
2024H2,Phoenix Life Limited,14030.0,1,0.83
2024H2,Pinnacle Insurance Limited,2410.0,1,0.14
2024H2,Post Office Management Services Limited,617.0,1,0.04
2024H2,Principality Building Society,1328.0,1,0.08
2024H2,Qbe UK Limited,893.0,1,0.05
2024H2,Qmetric Group Limited,3112.0,1,0.18
2024H2,Quilter Financial Services Limited,680.0,1,0.04
2024H2,Quilter Life & Pensions Limited,633.0,1,0.04
2024H2,RBS Collective Investment Funds Limited,1465.0,1,0.09
2024H2,Rac Motoring Services,9193.0,1,0.54
2024H2,Reassure Life Limited,758.0,1,0.04
2024H2,Reassure Limited,4807.0,1,0.28
2024H2,Reassured LTD,579.0,1,0.03
2024H2,Rothesay Life PLC,676.0,1,0.04
2024H2,Royal & Sun Alliance Insurance Limited,11992.0,1,0.71
2024H2,Sabre Insurance Company Limited,675.0,1,0.04
2024H2,Saga Services Limited,15359.0,1,0.91
2024H2,Sainsbury's Bank PLC,4013.0,1,0.24
2024H2,Santander UK PLC,64646.0,1,3.82
2024H2,Scottish Equitable PLC,6951.0,1,0.41
2024H2,Scottish Friendly Assurance Society Limited,1120.0,1,0.07
2024H2,Scottish Widows Limited,12986.0,1,0.77
2024H2,Scottish Widows Unit Trust Managers Limited,561.0,1,0.03
2024H2,Secure Trust Bank PLC,359.0,1,0.02
2024H2,Shawbrook Bank Limited,1305.0,1,0.08
2024H2,Shop Direct Finance Company Limited,367.0,1,0.02
2024H2,Simplyhealth Access,1988.0,1,0.12
2024H2,Skipton Building Society,3579.0,1,0.21
2024H2,Society Of Lloyd's,4865.0,1,0.29
2024H2,Somerset Bridge Insurance Services Limited,784.0,1,0.05
2024H2,St James's Place UK PLC,723.0,1,0.04
2024H2,St. James's Place Wealth Management PLC,5586.0,1,0.33
2024H2,Starling Bank Limited,22175.0,1,1.31
2024H2,Starr International (europe) Limited,1448.0,1,0.09
2024H2,Suffolk Life Pensions Limited,589.0,1,0.03
2024H2,Swift 1st Limited,843.0,1,0.05
2024H2,TSB Bank PLC,31883.0,1,1.88
2024H2,Tandem Bank Limited,90.0,1,0.01
2024H2,Telefonica Seguros Y Reaseguros Compania Aseguradora S.a.u.,3845.0,1,0.23
2024H2,Telefonica UK Limited,123.0,1,0.01
2024H2,Tesco Personal Finance Limited,19628.0,1,1.16
2024H2,Tesco Underwriting Limited,2415.0,1,0.14
2024H2,The Co-operative Bank PLC,12698.0,1,0.75
2024H2,The Mortgage Works (uk) PLC,1576.0,1,0.09
2024H2,The National Farmers' Union Mutual Insurance Society Limited,5910.0,1,0.35
2024H2,The Prudential Assurance Company Limited,11295.0,1,0.67
2024H2,The Royal Bank Of Scotland PLC,19605.0,1,1.16
2024H2,The Royal London Mutual Insurance Society Limited,6869.0,1,0.41
2024H2,Topaz Finance Limited,2336.0,1,0.14
2024H2,Tradex Insurance Company PLC,2485.0,1,0.15
2024H2,Trading 212 UK Limited,851.0,1,0.05
2024H2,Triodos Bank UK Limited,631.0,1,0.04
2024H2,U K Insurance Limited,51800.0,1,3.06
2024H2,U.s. Bank Europe Dac,1859.0,1,0.11
2024H2,UK Mortgage Lending LTD,652.0,1,0.04
2024H2,Usay Business LTD,662.0,1,0.04
2024H2,Utility Warehouse Limited,2693.0,1,0.16
2024H2,"Vanguard Asset Management, LTD",1741.0,1,0.1
2024H2,Vanquis Bank Limited,26951.0,1,1.59
2024H2,Virgin Money Unit Trust Managers LTD,1866.0,1,0.11
2024H2,Vitality Corporate Services Limited,8702.0,1,0.51
2024H2,Vodafone Limited,290.0,1,0.02
2024H2,Volkswagen Financial Services (uk) Limited,47.0,1,0.0
2024H2,Wesleyan Assurance Society,731.0,1,0.04
2024H2,Xbridge Limited,1174.0,1,0.07
2024H2,Yorkshire Building Society,2386.0,1,0.14
2024H2,Zempler Bank Limited,1805.0,1,0.11
2024H2,Zopa Bank Limited,3286.0,1,0.19
2024H2,Zurich Assurance LTD,3698.0,1,0.22
2024H2,Zurich Insurance Company LTD,3112.0,1,0.18
2025H1,Abrdn Fund Managers Limited,800.0,2,0.05
2025H1,Accord Mortgages Limited,918.0,2,0.05
2025H1,Accredited Insurance (europe) LTD,4649.0,2,0.27
2025H1,Acm Ulr Limited,723.0,2,0.04
2025H1,Acorn Insurance & Financial Services LTD,805.0,2,0.05
2025H1,Acromas Insurance Company Limited,2446.0,2,0.14
2025H1,Action 365 LTD,789.0,2,0.05
2025H1,Admiral Financial Services Limited,9.0,2,0.0
2025H1,Adrian Flux Insurance Services Group,1554.0,2,0.09
2025H1,Advisory Insurance Brokers Limited,708.0,2,0.04
2025H1,Affinity Insurance Solutions Limited,663.0,2,0.04
2025H1,Ageas Insurance Limited,5090.0,2,0.29
2025H1,Ageas Retail Limited,912.0,2,0.05
2025H1,Aioi Nissay Dowa Insurance UK Limited,1585.0,2,0.09
2025H1,Aj Bell Management Limited,1350.0,2,0.08
2025H1,Aj Bell Securities Limited,1233.0,2,0.07
2025H1,Aldermore Bank PLC,1633.0,2,0.09
2025H1,Allianz Insurance PLC,2758.0,2,0.16
2025H1,American Express Services Europe Limited,13353.0,2,0.77
2025H1,American International Group UK Limited,925.0,2,0.05
2025H1,Amtrust Specialty Limited,2170.0,2,0.12
2025H1,Animal Friends Insurance Services LTD,3055.0,2,0.18
2025H1,Arag Legal Expenses Insurance Company Limited,2041.0,2,0.12
2025H1,Arthur J. Gallagher Insurance Brokers Limited,1053.0,2,0.06
2025H1,Assurant General Insurance Limited,5778.0,2,0.33
2025H1,Astrenska Insurance Limited,2026.0,2,0.12
2025H1,Asurion Europe Limited,1548.0,2,0.09
2025H1,Atlanta Insurance Intermediaries Limited,9569.0,2,0.55
2025H1,Automobile Association Insurance Services Limited,6366.0,2,0.37
2025H1,Autoprotect (mbi) LTD,515.0,2,0.03
2025H1,Avantia Insurance Limited,1122.0,2,0.06
2025H1,Aviva Health UK Limited,1262.0,2,0.07
2025H1,Aviva Insurance Limited,48979.0,2,2.81
2025H1,Aviva Life Services UK Limited,25086.0,2,1.44
2025H1,Aviva Protection UK Limited,642.0,2,0.04
2025H1,Awp Assistance UK LTD,2911.0,2,0.17
2025H1,Awp P&c S.a.,1771.0,2,0.1
2025H1,Axa Insurance Designated Activity Company,2085.0,2,0.12
2025H1,Axa Insurance UK PLC,16910.0,2,0.97
2025H1,Axa Ppp Healthcare Limited,21855.0,2,1.26
2025H1,Bank Of Ireland (uk) PLC,3213.0,2,0.18
2025H1,Bank Of Scotland PLC,77714.0,2,4.47
2025H1,Barclays Bank PLC,10982.0,2,0.63
2025H1,Barclays Bank UK PLC,154273.0,2,8.87
2025H1,Bisl Limited,12473.0,2,0.72
2025H1,British Gas Services Limited,51725.0,2,2.97
2025H1,Bupa Insurance Services Limited,31133.0,2,1.79
2025H1,Cabot Credit Management Group Limited,47.0,2,0.0
2025H1,Call Assist Limited,711.0,2,0.04
2025H1,Canada Life Limited,568.0,2,0.03
2025H1,Capital One (europe) PLC,24855.0,2,1.43
2025H1,Car Care Plan Limited,886.0,2,0.05
2025H1,Carole Nash Insurance Consultants Limited,3049.0,2,0.18
2025H1,Castelan Limited,552.0,2,0.03
2025H1,Casualty & General Insurance Company (europe) LTD,1114.0,2,0.06
2025H1,Charter Court Financial Services Limited,1874.0,2,0.11
2025H1,Chubb European Group Se,4134.0,2,0.24
2025H1,Clearbank Limited,3961.0,2,0.23
2025H1,Close Brothers Limited,163.0,2,0.01
2025H1,Clydesdale Bank PLC,31691.0,2,1.82
2025H1,Cofunds Limited,1026.0,2,0.06
2025H1,Complete Cover Group LTD,905.0,2,0.05
2025H1,Connells Limited,543.0,2,0.03
2025H1,Countrywide Assured PLC,676.0,2,0.04
2025H1,Coutts & Company,1677.0,2,0.1
2025H1,Covea Insurance PLC,2528.0,2,0.15
2025H1,Coventry Building Society,4466.0,2,0.26
2025H1,Creation Consumer Finance LTD,9886.0,2,0.57
2025H1,Creation Financial Services Limited,404.0,2,0.02
2025H1,Cynergy Bank PLC,1049.0,2,0.06
2025H1,Digital Moneybox Limited,655.0,2,0.04
2025H1,Domestic & General Insurance PLC,60444.0,2,3.47
2025H1,Elderbridge Limited,756.0,2,0.04
2025H1,Embark Investment Services Limited,628.0,2,0.04
2025H1,Embark Services Limited,515.0,2,0.03
2025H1,Equiniti Financial Services Limited,2359.0,2,0.14
2025H1,Ergo Travel Insurance Services LTD,2738.0,2,0.16
2025H1,Ergo UK Specialty Limited,574.0,2,0.03
2025H1,Esure Insurance Limited,14395.0,2,0.83
2025H1,Eui Limited,70326.0,2,4.04
2025H1,Evolution Insurance Company Limited,540.0,2,0.03
2025H1,Exeter Friendly Society Limited,1294.0,2,0.07
2025H1,Experian Limited,0.0,2,0.0
2025H1,Family Assurance Friendly Society Limited,693.0,2,0.04
2025H1,Family Equity Plan Limited,1194.0,2,0.07
2025H1,Financial Administration Services Limited,1854.0,2,0.11
2025H1,First Central Insurance Management Limited,8149.0,2,0.47
2025H1,Firstrand Bank Limited,21.0,2,0.0
2025H1,Forester Life Limited,612.0,2,0.04
2025H1,Fortegra Europe Insurance Company LTD,3743.0,2,0.22
2025H1,Funding Circle LTD,15.0,2,0.0
2025H1,HSBC Bank PLC,514.0,2,0.03
2025H1,HSBC UK Bank PLC,91389.0,2,5.25
2025H1,Halifax Share Dealing Limited,686.0,2,0.04
2025H1,Hargreaves Lansdown Asset Management Limited,6639.0,2,0.38
2025H1,Hastings Insurance Services Limited,18123.0,2,1.04
2025H1,Hbos Investment Fund Managers Limited,734.0,2,0.04
2025H1,Helvetia Global Solutions LTD,914.0,2,0.05
2025H1,Highway Insurance Company Limited,744.0,2,0.04
2025H1,Hiscox Insurance Company Limited,510.0,2,0.03
2025H1,Home Retail Group Card Services Limited,4438.0,2,0.26
2025H1,Homeserve Membership Limited,2971.0,2,0.17
2025H1,Hood Travel Limited,740.0,2,0.04
2025H1,Howserv Limited,2358.0,2,0.14
2025H1,I Go 4 Ltd.,940.0,2,0.05
2025H1,Ikano Bank Ab (publ),1191.0,2,0.07
2025H1,Inshur UK LTD,614.0,2,0.04
2025H1,Insurance Factory Limited,2708.0,2,0.16
2025H1,Intact Insurance UK Limited,8694.0,2,0.5
2025H1,Inter Partner Assistance Sa,8212.0,2,0.47
2025H1,Interactive Brokers (u.k.) Limited,927.0,2,0.05
2025H1,Interactive Investor Services Limited,2505.0,2,0.14
2025H1,J.p. Morgan Europe Limited,10803.0,2,0.62
2025H1,James Hay Administration Company Limited,950.0,2,0.05
2025H1,Janus Henderson Fund Management UK Limited,569.0,2,0.03
2025H1,Kensington Mortgage Company Limited,919.0,2,0.05
2025H1,Kroo Bank LTD,893.0,2,0.05
2025H1,Landmark Mortgages Limited,604.0,2,0.03
2025H1,Leeds Building Society,3417.0,2,0.2
2025H1,Legal And General Assurance Society Limited,4437.0,2,0.25
2025H1,Lenvi Servicing Limited,756.0,2,0.04
2025H1,Link Financial Outsourcing Limited,11.0,2,0.0
2025H1,Liverpool Victoria Financial Services Limited,2007.0,2,0.12
2025H1,Liverpool Victoria Insurance Company Limited,10359.0,2,0.6
2025H1,Lloyds Bank General Insurance Limited,5782.0,2,0.33
2025H1,Lloyds Bank PLC,81403.0,2,4.68
2025H1,London And Country Mortgages LTD,633.0,2,0.04
2025H1,M & G Securities Limited,738.0,2,0.04
2025H1,MBNA Limited,9495.0,2,0.55
2025H1,Manypets LTD,3709.0,2,0.21
2025H1,Marks & Spencer Financial Services PLC,7197.0,2,0.41
2025H1,Marshmallow Financial Services LTD,5700.0,2,0.33
2025H1,Metlife Europe D.a.c.,808.0,2,0.05
2025H1,Metro Bank PLC,9674.0,2,0.56
2025H1,Millennium Insurance Company Limited,759.0,2,0.04
2025H1,Monzo Bank LTD,35092.0,2,2.02
2025H1,Moorcroft Debt Recovery Limited,468.0,2,0.03
2025H1,Motonovo Finance Limited,22.0,2,0.0
2025H1,Munich Re Digital Partners Limited,3850.0,2,0.22
2025H1,National House-building Council,698.0,2,0.04
2025H1,National Westminster Bank Public Limited Company,94120.0,2,5.41
2025H1,Nationwide Building Society,65786.0,2,3.78
2025H1,Newcastle Building Society,707.0,2,0.04
2025H1,Northern Bank Limited,1459.0,2,0.08
2025H1,Nutmeg Saving And Investment Limited,1119.0,2,0.06
2025H1,One Call Insurance Services Limited,3098.0,2,0.18
2025H1,Onesavings Bank PLC,2737.0,2,0.16
2025H1,Ovo Home Services LTD,2067.0,2,0.12
2025H1,Paragon Bank PLC,880.0,2,0.05
2025H1,People's Administration Services Limited,6548.0,2,0.38
2025H1,Pepper (uk) Limited,680.0,2,0.04
2025H1,Phoenix Life Ca Limited,1094.0,2,0.06
2025H1,Phoenix Life Limited,16175.0,2,0.93
2025H1,Pinnacle Insurance Limited,2817.0,2,0.16
2025H1,Principality Building Society,1192.0,2,0.07
2025H1,Qbe UK Limited,976.0,2,0.06
2025H1,Qmetric Group Limited,4122.0,2,0.24
2025H1,Quilter Financial Services Limited,965.0,2,0.06
2025H1,Quilter Life & Pensions Limited,709.0,2,0.04
2025H1,RBS Collective Investment Funds Limited,2028.0,2,0.12
2025H1,Rac Financial Services Limited,8793.0,2,0.51
2025H1,Reassure Life Limited,669.0,2,0.04
2025H1,Reassure Limited,4747.0,2,0.27
2025H1,Reassured LTD,556.0,2,0.03
2025H1,Rothesay Life PLC,725.0,2,0.04
2025H1,Sabre Insurance Company Limited,590.0,2,0.03
2025H1,Saga Services Limited,8353.0,2,0.48
2025H1,Sainsbury's Bank PLC,3668.0,2,0.21
2025H1,Santander UK PLC,62386.0,2,3.58
2025H1,Scottish Equitable PLC,7901.0,2,0.45
2025H1,Scottish Friendly Assurance Society Limited,1665.0,2,0.1
2025H1,Scottish Widows Limited,10846.0,2,0.62
2025H1,Scottish Widows Unit Trust Managers Limited,536.0,2,0.03
2025H1,Secure Trust Bank Public Limited Company,402.0,2,0.02
2025H1,Shawbrook Bank Limited,1542.0,2,0.09
2025H1,Shop Direct Finance Company Limited,394.0,2,0.02
2025H1,Simplyhealth Access,2222.0,2,0.13
2025H1,Skipton Building Society,5026.0,2,0.29
2025H1,Society Of Lloyd's,4972.0,2,0.29
2025H1,Somerset Bridge Insurance Services Limited,1403.0,2,0.08
2025H1,St. James's Place UK PLC,767.0,2,0.04
2025H1,St. James's Place Wealth Management PLC,5511.0,2,0.32
2025H1,Starling Bank Limited,20833.0,2,1.2
2025H1,Starr International (europe) Limited,1326.0,2,0.08
2025H1,Swift 1st Limited,867.0,2,0.05
2025H1,TSB Bank PLC,29722.0,2,1.71
2025H1,Telefonica Seguros Y Reaseguros Compania Aseguradora S.a.u.,3103.0,2,0.18
2025H1,Telefonica UK Limited,416.0,2,0.02
2025H1,Tesco Personal Finance Limited,4180.0,2,0.24
2025H1,Tesco Underwriting Limited,2550.0,2,0.15
2025H1,The Co-operative Bank PLC,10542.0,2,0.61
2025H1,The Mortgage Works (uk) PLC,1463.0,2,0.08
2025H1,The National Farmers' Union Mutual Insurance Society Limited,5412.0,2,0.31
2025H1,The Prudential Assurance Company Limited,9474.0,2,0.54
2025H1,The Royal Bank Of Scotland PLC,20019.0,2,1.15
2025H1,The Royal London Mutual Insurance Society Limited,8437.0,2,0.48
2025H1,Topaz Finance Limited,2301.0,2,0.13
2025H1,Tradex Insurance Company PLC,3465.0,2,0.2
2025H1,Trading 212 UK Limited,1624.0,2,0.09
2025H1,U K Insurance Limited,42802.0,2,2.46
2025H1,U.s. Bank Europe Dac,1732.0,2,0.1
2025H1,UK Mortgage Lending LTD,705.0,2,0.04
2025H1,Usay Business LTD,666.0,2,0.04
2025H1,Utility Warehouse Limited,3996.0,2,0.23
2025H1,"Vanguard Asset Management, Ltd.",2452.0,2,0.14
2025H1,Vanquis Bank Limited,22086.0,2,1.27
2025H1,Virgin Money Unit Trust Managers LTD,910.0,2,0.05
2025H1,Vitality Corporate Services Limited,10069.0,2,0.58
2025H1,Vodafone Limited,225.0,2,0.01
2025H1,Volkswagen Financial Services (uk) Limited,35.0,2,0.0
2025H1,Wesleyan Assurance Society,775.0,2,0.04
2025H1,West Bay Insurance PLC,751.0,2,0.04
2025H1,Xbridge Limited,1186.0,2,0.07
2025H1,Yorkshire Building Society,2869.0,2,0.16
2025H1,Zempler Bank Limited,1507.0,2,0.09
2025H1,Zopa Bank Limited,4637.0,2,0.27
2025H1,Zurich Assurance LTD,3550.0,2,0.2
2025H1,Zurich Insurance Company LTD,2848.0,2,0.16
2025H2,Accord Mortgages Limited,950.0,3,0.06
2025H2,Accredited Insurance (europe) LTD,4337.0,3,0.26
2025H2,Acm Ulr Limited,636.0,3,0.04
2025H2,Acorn Insurance And Financial Services Limited,766.0,3,0.05
2025H2,Acromas Insurance Company Limited,1840.0,3,0.11
2025H2,Admiral Financial Services Limited,16.0,3,0.0
2025H2,Adrian Flux Insurance Services Group,2518.0,3,0.15
2025H2,Advisory Insurance Brokers Limited,651.0,3,0.04
2025H2,Ageas Insurance Limited,4403.0,3,0.27
2025H2,Ageas Retail Limited,909.0,3,0.06
2025H2,Aioi Nissay Dowa Insurance UK Limited,1554.0,3,0.09
2025H2,Aj Bell Management Limited,1051.0,3,0.06
2025H2,Aj Bell Securities Limited,1500.0,3,0.09
2025H2,Aldermore Bank PLC,1445.0,3,0.09
2025H2,Allianz Insurance PLC,2908.0,3,0.18
2025H2,American Express Services Europe Limited,14814.0,3,0.9
2025H2,American International Group UK Limited,955.0,3,0.06
2025H2,Amtrust Specialty Limited,1976.0,3,0.12
2025H2,Animal Friends Insurance Services Limited,3482.0,3,0.21
2025H2,Antares Insurance Company Limited,650.0,3,0.04
2025H2,Arag Legal Expenses Insurance Company Limited,2976.0,3,0.18
2025H2,Arthur J. Gallagher Insurance Brokers Limited,977.0,3,0.06
2025H2,Ascent Performance Group Limited,514.0,3,0.03
2025H2,Assurant General Insurance Limited,6731.0,3,0.41
2025H2,Astrenska Insurance Limited,2862.0,3,0.17
2025H2,Asurion Europe Limited,1566.0,3,0.09
2025H2,Atlanta Insurance Intermediaries Limited,8517.0,3,0.52
2025H2,Automobile Association Insurance Services Limited,6657.0,3,0.4
2025H2,Avantia Insurance Limited,1100.0,3,0.07
2025H2,Aviva Health UK Limited,1236.0,3,0.07
2025H2,Aviva Insurance Limited,49795.0,3,3.01
2025H2,Aviva Life Services UK Limited,26131.0,3,1.58
2025H2,Aviva Protection UK Limited,760.0,3,0.05
2025H2,Awp Assistance UK LTD,3144.0,3,0.19
2025H2,Awp P&c S.a.,2042.0,3,0.12
2025H2,Axa Insurance Designated Activity Company,1817.0,3,0.11
2025H2,Axa Insurance UK PLC,16052.0,3,0.97
2025H2,Axa Ppp Healthcare Limited,19555.0,3,1.18
2025H2,Bank Of Ireland (uk) PLC,2643.0,3,0.16
2025H2,Bank Of Scotland PLC,79508.0,3,4.81
2025H2,Barclays Bank PLC,10416.0,3,0.63
2025H2,Barclays Bank UK PLC,85996.0,3,5.2
2025H2,Bisl Limited,11577.0,3,0.7
2025H2,British Gas Services Limited,49016.0,3,2.97
2025H2,Bupa Insurance Services Limited,28091.0,3,1.7
2025H2,Cabot Credit Management Group Limited,35.0,3,0.0
2025H2,Caf Bank Limited,1060.0,3,0.06
2025H2,Call Assist Limited,724.0,3,0.04
2025H2,Canada Life Limited,546.0,3,0.03
2025H2,Capital One (europe) PLC,30593.0,3,1.85
2025H2,Car Care Plan Limited,876.0,3,0.05
2025H2,Carfinance247 Limited,199.0,3,0.01
2025H2,Carmoola Limited,0.0,3,0.0
2025H2,Carole Nash Insurance Consultants Limited,2650.0,3,0.16
2025H2,Castelan Limited,742.0,3,0.04
2025H2,Casualty & General Insurance Company (europe) LTD,1027.0,3,0.06
2025H2,Charter Court Financial Services Limited,1834.0,3,0.11
2025H2,Chubb European Group Se,4417.0,3,0.27
2025H2,Clearbank Limited,3339.0,3,0.2
2025H2,Close Brothers Limited,382.0,3,0.02
2025H2,Clydesdale Bank PLC,34185.0,3,2.07
2025H2,Cofunds Limited,772.0,3,0.05
2025H2,Complete Cover Group LTD,560.0,3,0.03
2025H2,Connells Limited,608.0,3,0.04
2025H2,Countrywide Assured PLC,787.0,3,0.05
2025H2,Coutts & Company,1845.0,3,0.11
2025H2,Covea Insurance PLC,2497.0,3,0.15
2025H2,Coventry Building Society,4145.0,3,0.25
2025H2,Creation Consumer Finance Limited,10537.0,3,0.64
2025H2,Cynergy Bank PLC,701.0,3,0.04
2025H2,Domestic & General Insurance PLC,56025.0,3,3.39
2025H2,Ebs Pensions Limited,1176.0,3,0.07
2025H2,Elderbridge Limited,758.0,3,0.05
2025H2,Embark Investment Services Limited,759.0,3,0.05
2025H2,Embark Services Limited,730.0,3,0.04
2025H2,Equiniti Financial Services Limited,2875.0,3,0.17
2025H2,Ergo Travel Insurance Services LTD,4524.0,3,0.27
2025H2,Esure Insurance Limited,11352.0,3,0.69
2025H2,Etoro (uk) Limited,504.0,3,0.03
2025H2,Eui Limited,60221.0,3,3.64
2025H2,Eversure Limited,612.0,3,0.04
2025H2,Evolution Insurance Company Limited,582.0,3,0.04
2025H2,Exeter Friendly Society Limited,1050.0,3,0.06
2025H2,Experian Limited,1.0,3,0.0
2025H2,Extracover Limited,1114.0,3,0.07
2025H2,Family Equity Plan Limited,908.0,3,0.05
2025H2,Fce Bank PLC,154.0,3,0.01
2025H2,Fil Life Insurance Limited,517.0,3,0.03
2025H2,Financial Administration Services Limited,2028.0,3,0.12
2025H2,First Central Insurance Management Limited,8797.0,3,0.53
2025H2,Firstrand Bank Limited,16.0,3,0.0
2025H2,Forester Life Limited,544.0,3,0.03
2025H2,Fortegra Europe Insurance Company LTD,3792.0,3,0.23
2025H2,Funding Circle LTD,13.0,3,0.0
2025H2,HSBC UK Bank PLC,81503.0,3,4.93
2025H2,Halifax Share Dealing Limited,541.0,3,0.03
2025H2,Hargreaves Lansdown Asset Management Limited,7021.0,3,0.42
2025H2,Hastings Insurance Services Limited,19781.0,3,1.2
2025H2,Hbos Investment Fund Managers Limited,673.0,3,0.04
2025H2,Helvetia Global Solutions LTD,965.0,3,0.06
2025H2,Highway Insurance Company Limited,611.0,3,0.04
2025H2,Home Retail Group Card Services Limited,3824.0,3,0.23
2025H2,Homeserve Membership Limited,2358.0,3,0.14
2025H2,Hood Travel Limited,711.0,3,0.04
2025H2,Howserv Limited,3281.0,3,0.2
2025H2,I Go 4 Ltd.,958.0,3,0.06
2025H2,Ikano Bank Ab (publ),879.0,3,0.05
2025H2,Insurance Factory Limited,1266.0,3,0.08
2025H2,Intact Insurance UK Limited,5765.0,3,0.35
2025H2,Inter Partner Assistance Sa,8125.0,3,0.49
2025H2,Interactive Brokers (u.k.) Limited,1116.0,3,0.07
2025H2,Interactive Investor Services Limited,2756.0,3,0.17
2025H2,J.p. Morgan Europe Limited,8343.0,3,0.5
2025H2,J.p. Morgan Personal Investing Limited,1126.0,3,0.07
2025H2,James Hay Administration Company Limited,764.0,3,0.05
2025H2,Kensington Mortgage Company Limited,1029.0,3,0.06
2025H2,Kroo Bank LTD,820.0,3,0.05
2025H2,Leaseplan UK Limited,23.0,3,0.0
2025H2,Leeds Building Society,2645.0,3,0.16
2025H2,Legal And General Assurance Society Limited,4414.0,3,0.27
2025H2,Lexham Insurance Consultants Limited,583.0,3,0.04
2025H2,Link Financial Outsourcing Limited,10.0,3,0.0
2025H2,Liverpool Victoria Financial Services Limited,1828.0,3,0.11
2025H2,Liverpool Victoria Insurance Company Limited,12025.0,3,0.73
2025H2,Lloyds Bank General Insurance Limited,5683.0,3,0.34
2025H2,Lloyds Bank PLC,90837.0,3,5.5
2025H2,London & Country Mortgages Limited,644.0,3,0.04
2025H2,M & G Securities Limited,786.0,3,0.05
2025H2,MBNA Limited,8796.0,3,0.53
2025H2,Manypets LTD,3134.0,3,0.19
2025H2,Marks And Spencer Financial Services PLC,5264.0,3,0.32
2025H2,Marshmallow Financial Services LTD,4208.0,3,0.25
2025H2,Metlife Europe D.a.c.,1126.0,3,0.07
2025H2,Metro Bank PLC,11244.0,3,0.68
2025H2,Millennium Insurance Company Limited,542.0,3,0.03
2025H2,Monzo Bank LTD,49570.0,3,3.0
2025H2,Motonovo Finance Limited,18.0,3,0.0
2025H2,Munich Re Digital Partners Limited,5012.0,3,0.3
2025H2,National House-building Council,745.0,3,0.05
2025H2,National Westminster Bank Public Limited Company,97511.0,3,5.9
2025H2,Nationwide Building Society,69388.0,3,4.2
2025H2,Newcastle Building Society,713.0,3,0.04
2025H2,Northern Bank Limited,1446.0,3,0.09
2025H2,Octopus Money Unit Trust Managers Limited,622.0,3,0.04
2025H2,One Call Insurance Services Limited,2980.0,3,0.18
2025H2,One Sure Insurance Limited,770.0,3,0.05
2025H2,Onesavings Bank PLC,2292.0,3,0.14
2025H2,Ovo Home Services LTD,1953.0,3,0.12
2025H2,Paragon Bank PLC,1003.0,3,0.06
2025H2,People's Administration Services Limited,2731.0,3,0.17
2025H2,Pepper (uk) Limited,723.0,3,0.04
2025H2,Phoenix Life Ca Limited,892.0,3,0.05
2025H2,Phoenix Life Limited,17086.0,3,1.03
2025H2,Pinnacle Insurance Limited,3405.0,3,0.21
2025H2,Principality Building Society,1059.0,3,0.06
2025H2,Qbe UK Limited,910.0,3,0.06
2025H2,Qmetric Group Limited,3696.0,3,0.22
2025H2,Quilter Financial Services Limited,580.0,3,0.04
2025H2,Quilter Investment Platform Limited,516.0,3,0.03
2025H2,Quilter Life & Pensions Limited,1076.0,3,0.07
2025H2,RBS Collective Investment Funds Limited,1342.0,3,0.08
2025H2,Rac Financial Services Limited,9491.0,3,0.57
2025H2,Reassure Life Limited,663.0,3,0.04
2025H2,Reassure Limited,4463.0,3,0.27
2025H2,Reassured Limited,604.0,3,0.04
2025H2,Rothesay Life PLC,553.0,3,0.03
2025H2,"Royal London Mutual Insurance Society, Limited (the)",8414.0,3,0.51
2025H2,Sabre Insurance Company Limited,644.0,3,0.04
2025H2,Saga Services Limited,7519.0,3,0.46
2025H2,Sainsbury's Bank PLC,1602.0,3,0.1
2025H2,Santander UK PLC,64741.0,3,3.92
2025H2,Scottish Equitable PLC,5420.0,3,0.33
2025H2,Scottish Friendly Assurance Society Limited,985.0,3,0.06
2025H2,Scottish Widows Limited,7762.0,3,0.47
2025H2,Secure Trust Bank Public Limited Company,315.0,3,0.02
2025H2,Shawbrook Bank Limited,1280.0,3,0.08
2025H2,Shop Direct Finance Company Limited,87.0,3,0.01
2025H2,Simplyhealth Access,2101.0,3,0.13
2025H2,Skipton Building Society,4641.0,3,0.28
2025H2,Society Of Lloyd's,5669.0,3,0.34
2025H2,Somerset Bridge Insurance Services Limited,1472.0,3,0.09
2025H2,St. James's Place UK PLC,840.0,3,0.05
2025H2,St. James's Place Wealth Management PLC,3725.0,3,0.23
2025H2,Starling Bank Limited,17323.0,3,1.05
2025H2,Starr International (europe) Limited,1075.0,3,0.07
2025H2,Swift 1st Limited,636.0,3,0.04
2025H2,TSB Bank PLC,33705.0,3,2.04
2025H2,Telefonica Seguros Y Reaseguros Compania Aseguradora S.a.u.,2771.0,3,0.17
2025H2,Telefonica UK Limited,314.0,3,0.02
2025H2,Tesco Personal Finance Limited,4861.0,3,0.29
2025H2,Tesco Underwriting Limited,2672.0,3,0.16
2025H2,The Co-operative Bank P.l.c.,9622.0,3,0.58
2025H2,The Mortgage Works (uk) PLC,1481.0,3,0.09
2025H2,The National Farmers' Union Mutual Insurance Society Limited,5076.0,3,0.31
2025H2,The Prudential Assurance Company Limited,9892.0,3,0.6
2025H2,The Royal Bank Of Scotland PLC,19884.0,3,1.2
2025H2,Topaz Finance Limited,3173.0,3,0.19
2025H2,Tradex Insurance Company PLC,3950.0,3,0.24
2025H2,Trading 212 UK Limited,2204.0,3,0.13
2025H2,True Potential Wealth Management LLP,1042.0,3,0.06
2025H2,U K Insurance Limited,37282.0,3,2.26
2025H2,U.s. Bank Europe Dac,1747.0,3,0.11
2025H2,UK Mortgage Lending LTD,682.0,3,0.04
2025H2,Ubs Ag,548.0,3,0.03
2025H2,Usay Business LTD,629.0,3,0.04
2025H2,Utility Warehouse Limited,2188.0,3,0.13
2025H2,"Vanguard Asset Management, Ltd.",1644.0,3,0.1
2025H2,Vanquis Bank Limited,18304.0,3,1.11
2025H2,Vitality Corporate Services Limited,10197.0,3,0.62
2025H2,Vodafone Limited,252.0,3,0.02
2025H2,Volkswagen Financial Services (uk) Limited,15.0,3,0.0
2025H2,Wesleyan Assurance Society,744.0,3,0.05
2025H2,West Bay Insurance PLC,507.0,3,0.03
2025H2,Xbridge Limited,1240.0,3,0.08
2025H2,Yorkshire Building Society,2374.0,3,0.14
2025H2,Zempler Bank Limited,1519.0,3,0.09
2025H2,Zopa Bank Limited,6391.0,3,0.39
2025H2,Zurich Assurance LTD,2896.0,3,0.18
2025H2,Zurich Insurance Company LTD,3407.0,3,0.21
