firm_name,complaints_opened,uphold_rate_pct,cost_handling,cost_fos,cost_redress,cost_total,cost_per_compl
Lloyds Bank PLC,90837.0,68.4,18167400.0,4723524.0,18653378.0,41544302.0,457.0
National Westminster Bank Public Limited Company,97511.0,57.2,19502200.0,5070572.0,16738738.0,41311510.0,424.0
Barclays Bank UK PLC,85996.0,60.6,17199200.0,4471792.0,15646972.0,37317964.0,434.0
Bank Of Scotland PLC,79508.0,68.1,15901600.0,4134416.0,16233943.0,36269959.0,456.0
HSBC UK Bank PLC,81503.0,58.5,16300600.0,4238156.0,14298886.0,34837642.0,427.0
Nationwide Building Society,69388.0,52.4,13877600.0,3608176.0,10903630.0,28389406.0,409.0
Eui Limited,60221.0,63.9,12044200.0,3131492.0,11537139.0,26712831.0,444.0
British Gas Services Limited,49016.0,93.1,9803200.0,2548832.0,13685757.0,26037789.0,531.0
Santander UK PLC,64741.0,46.3,12948200.0,3366532.0,8994467.0,25309199.0,391.0
Domestic & General Insurance PLC,56025.0,52.2,11205000.0,2913300.0,8776876.0,22895176.0,409.0
Aviva Insurance Limited,49795.0,56.3,9959000.0,2589340.0,8405894.0,20954234.0,421.0
Monzo Bank LTD,49570.0,30.0,9914000.0,2577640.0,4465761.0,16957401.0,342.0
U K Insurance Limited,37282.0,67.4,7456400.0,1938664.0,7542894.0,16937958.0,454.0
Clydesdale Bank PLC,34185.0,64.1,6837000.0,1777620.0,6573776.0,15188396.0,444.0
TSB Bank PLC,33705.0,52.4,6741000.0,1752660.0,5296404.0,13790064.0,409.0
Bupa Insurance Services Limited,28091.0,57.1,5618200.0,1460732.0,4814516.0,11893448.0,423.0
Aviva Life Services UK Limited,26131.0,66.9,5226200.0,1358812.0,5245276.0,11830288.0,453.0
Capital One (europe) PLC,30593.0,34.3,6118600.0,1590836.0,3146184.0,10855620.0,355.0
The Royal Bank Of Scotland PLC,19884.0,58.6,3976800.0,1033968.0,3492625.0,8503393.0,428.0
Phoenix Life Limited,17086.0,77.7,3417200.0,888472.0,3980696.0,8286368.0,485.0
Axa Ppp Healthcare Limited,19555.0,54.6,3911000.0,1016860.0,3203109.0,8130969.0,416.0
Hastings Insurance Services Limited,19781.0,52.0,3956200.0,1028612.0,3088210.0,8073022.0,408.0
Axa Insurance UK PLC,16052.0,58.7,3210400.0,834704.0,2827239.0,6872343.0,428.0
Starling Bank Limited,17323.0,41.0,3464600.0,900796.0,2130209.0,6495605.0,375.0
Vanquis Bank Limited,18304.0,29.9,3660800.0,951808.0,1644065.0,6256673.0,342.0
Esure Insurance Limited,11352.0,70.2,2270400.0,590304.0,2392093.0,5252797.0,463.0
American Express Services Europe Limited,14814.0,33.1,2962800.0,770328.0,1470586.0,5203714.0,351.0
Liverpool Victoria Insurance Company Limited,12025.0,55.9,2405000.0,625300.0,2015150.0,5045450.0,420.0
The Prudential Assurance Company Limited,9892.0,85.8,1978400.0,514384.0,2546498.0,5039282.0,509.0
Metro Bank PLC,11244.0,51.1,2248800.0,584688.0,1724043.0,4557531.0,405.0
Barclays Bank PLC,10416.0,60.9,2083200.0,541632.0,1903316.0,4528148.0,435.0
Bisl Limited,11577.0,45.7,2315400.0,602004.0,1587901.0,4505305.0,389.0
The Co-operative Bank P.l.c.,9622.0,64.8,1924400.0,500344.0,1870517.0,4295261.0,446.0
Vitality Corporate Services Limited,10197.0,50.8,2039400.0,530244.0,1553105.0,4122749.0,404.0
Creation Consumer Finance Limited,10537.0,41.1,2107400.0,547924.0,1299844.0,3955168.0,375.0
Scottish Widows Limited,7762.0,83.3,1552400.0,403624.0,1940190.0,3896214.0,502.0
Inter Partner Assistance Sa,8125.0,74.1,1625000.0,422500.0,1806188.0,3853688.0,474.0
"Royal London Mutual Insurance Society, Limited (the)",8414.0,63.0,1682800.0,437528.0,1589994.0,3710322.0,441.0
MBNA Limited,8796.0,53.9,1759200.0,457392.0,1423105.0,3639697.0,414.0
First Central Insurance Management Limited,8797.0,42.4,1759400.0,457444.0,1117923.0,3334767.0,379.0
J.p. Morgan Europe Limited,8343.0,47.5,1668600.0,433836.0,1189879.0,3292315.0,395.0
Atlanta Insurance Intermediaries Limited,8517.0,43.6,1703400.0,442884.0,1115301.0,3261585.0,383.0
Rac Financial Services Limited,9491.0,26.4,1898200.0,493532.0,752541.0,3144273.0,331.0
Saga Services Limited,7519.0,52.4,1503800.0,390988.0,1182664.0,3077452.0,409.0
Hargreaves Lansdown Asset Management Limited,7021.0,47.7,1404200.0,365092.0,1004073.0,2773365.0,395.0
Lloyds Bank General Insurance Limited,5683.0,78.2,1136600.0,295516.0,1333914.0,2766030.0,487.0
Assurant General Insurance Limited,6731.0,46.1,1346200.0,350012.0,930292.0,2626504.0,390.0
Automobile Association Insurance Services Limited,6657.0,41.7,1331400.0,346164.0,833190.0,2510754.0,377.0
Scottish Equitable PLC,5420.0,66.3,1084000.0,281840.0,1077388.0,2443228.0,451.0
Intact Insurance UK Limited,5765.0,56.5,1153000.0,299780.0,976476.0,2429256.0,421.0
Zopa Bank Limited,6391.0,41.9,1278200.0,332332.0,802774.0,2413306.0,378.0
Marks And Spencer Financial Services PLC,5264.0,68.4,1052800.0,273728.0,1080015.0,2406543.0,457.0
The National Farmers' Union Mutual Insurance Society Limited,5076.0,62.4,1015200.0,263952.0,949618.0,2228770.0,439.0
Reassure Limited,4463.0,79.6,892600.0,232076.0,1066300.0,2190976.0,491.0
Skipton Building Society,4641.0,72.9,928200.0,241332.0,1014291.0,2183823.0,471.0
Society Of Lloyd's,5669.0,39.8,1133800.0,294788.0,676538.0,2105126.0,371.0
Ergo Travel Insurance Services LTD,4524.0,62.4,904800.0,235248.0,846757.0,1986805.0,439.0
Chubb European Group Se,4417.0,64.3,883400.0,229684.0,851642.0,1964726.0,445.0
Ageas Insurance Limited,4403.0,54.2,880600.0,228956.0,715399.0,1824955.0,414.0
Coventry Building Society,4145.0,61.1,829000.0,215540.0,759778.0,1804318.0,435.0
Legal And General Assurance Society Limited,4414.0,51.7,882800.0,229528.0,684082.0,1796410.0,407.0
Marshmallow Financial Services LTD,4208.0,56.8,841600.0,218816.0,716664.0,1777080.0,422.0
Tesco Personal Finance Limited,4861.0,37.5,972200.0,252772.0,547154.0,1772126.0,365.0
Tradex Insurance Company PLC,3950.0,62.3,790000.0,205400.0,738018.0,1733418.0,439.0
Fortegra Europe Insurance Company LTD,3792.0,56.1,758400.0,197184.0,638307.0,1593891.0,420.0
Accredited Insurance (europe) LTD,4337.0,37.6,867400.0,225524.0,489734.0,1582658.0,365.0
Awp Assistance UK LTD,3144.0,79.7,628800.0,163488.0,751730.0,1544018.0,491.0
Zurich Insurance Company LTD,3407.0,59.8,681400.0,177164.0,611114.0,1469678.0,431.0
Manypets LTD,3134.0,72.0,626800.0,162968.0,676756.0,1466524.0,468.0
Animal Friends Insurance Services Limited,3482.0,56.3,696400.0,181064.0,588214.0,1465678.0,421.0
St. James's Place Wealth Management PLC,3725.0,44.9,745000.0,193700.0,502093.0,1440793.0,387.0
Munich Re Digital Partners Limited,5012.0,10.8,1002400.0,260624.0,162690.0,1425714.0,284.0
Clearbank Limited,3339.0,57.1,667800.0,173628.0,572071.0,1413499.0,423.0
Home Retail Group Card Services Limited,3824.0,34.8,764800.0,198848.0,399799.0,1363447.0,357.0
Qmetric Group Limited,3696.0,36.8,739200.0,192192.0,408038.0,1339430.0,362.0
Howserv Limited,3281.0,43.7,656200.0,170612.0,429942.0,1256754.0,383.0
Pinnacle Insurance Limited,3405.0,38.1,681000.0,177060.0,388885.0,1246945.0,366.0
Allianz Insurance PLC,2908.0,57.2,581600.0,151216.0,499449.0,1232265.0,424.0
Arag Legal Expenses Insurance Company Limited,2976.0,53.3,595200.0,154752.0,475505.0,1225457.0,412.0
Leeds Building Society,2645.0,67.8,529000.0,137540.0,537914.0,1204454.0,455.0
Astrenska Insurance Limited,2862.0,56.1,572400.0,148824.0,481675.0,1202899.0,420.0
Telefonica Seguros Y Reaseguros Compania Aseguradora S.a.u.,2771.0,57.4,554200.0,144092.0,476917.0,1175209.0,424.0
Topaz Finance Limited,3173.0,37.4,634600.0,164996.0,356106.0,1155702.0,364.0
Yorkshire Building Society,2374.0,73.7,474800.0,123448.0,524963.0,1123211.0,473.0
Zurich Assurance LTD,2896.0,44.7,579200.0,150592.0,388267.0,1118059.0,386.0
People's Administration Services Limited,2731.0,50.0,546200.0,142012.0,409814.0,1098026.0,402.0
Interactive Investor Services Limited,2756.0,48.5,551200.0,143312.0,400915.0,1095427.0,397.0
Tesco Underwriting Limited,2672.0,49.9,534400.0,138944.0,399918.0,1073262.0,402.0
Equiniti Financial Services Limited,2875.0,35.4,575000.0,149500.0,304980.0,1029480.0,358.0
Carole Nash Insurance Consultants Limited,2650.0,44.0,530000.0,137800.0,349959.0,1017759.0,384.0
Covea Insurance PLC,2497.0,49.3,499400.0,129844.0,369082.0,998326.0,400.0
Onesavings Bank PLC,2292.0,60.1,458400.0,119184.0,413179.0,990763.0,432.0
Bank Of Ireland (uk) PLC,2643.0,39.6,528600.0,137436.0,314068.0,980104.0,371.0
Ovo Home Services LTD,1953.0,75.6,390600.0,101556.0,442882.0,935038.0,479.0
One Call Insurance Services Limited,2980.0,20.2,596000.0,154960.0,180588.0,931548.0,313.0
Financial Administration Services Limited,2028.0,53.1,405600.0,105456.0,323243.0,834299.0,411.0
Liverpool Victoria Financial Services Limited,1828.0,66.1,365600.0,95056.0,362602.0,823258.0,450.0
Adrian Flux Insurance Services Group,2518.0,21.4,503600.0,130936.0,161656.0,796192.0,316.0
Amtrust Specialty Limited,1976.0,50.2,395200.0,102752.0,297882.0,795834.0,403.0
Homeserve Membership Limited,2358.0,25.7,471600.0,122616.0,181943.0,776159.0,329.0
Axa Insurance Designated Activity Company,1817.0,56.8,363400.0,94484.0,309835.0,767719.0,423.0
Utility Warehouse Limited,2188.0,31.6,437600.0,113776.0,207094.0,758470.0,347.0
Acromas Insurance Company Limited,1840.0,49.8,368000.0,95680.0,274620.0,738300.0,401.0
Awp P&c S.a.,2042.0,35.8,408400.0,106184.0,219617.0,734201.0,360.0
Coutts & Company,1845.0,46.8,369000.0,95940.0,259038.0,723978.0,392.0
Simplyhealth Access,2101.0,29.1,420200.0,109252.0,183480.0,712932.0,339.0
Charter Court Financial Services Limited,1834.0,44.4,366800.0,95368.0,244014.0,706182.0,385.0
"Vanguard Asset Management, Ltd.",1644.0,54.4,328800.0,85488.0,268350.0,682638.0,415.0
Aldermore Bank PLC,1445.0,70.7,289000.0,75140.0,306528.0,670668.0,464.0
Sainsbury's Bank PLC,1602.0,48.9,320400.0,83304.0,235061.0,638765.0,399.0
Trading 212 UK Limited,2204.0,10.6,440800.0,114608.0,70286.0,625694.0,284.0
Ebs Pensions Limited,1176.0,93.2,235200.0,61152.0,328704.0,625056.0,532.0
Aioi Nissay Dowa Insurance UK Limited,1554.0,46.8,310800.0,80808.0,217995.0,609603.0,392.0
Aj Bell Securities Limited,1500.0,50.9,300000.0,78000.0,229185.0,607185.0,405.0
The Mortgage Works (uk) PLC,1481.0,52.5,296200.0,77012.0,233258.0,606470.0,410.0
Zempler Bank Limited,1519.0,43.0,303800.0,78988.0,195860.0,578648.0,381.0
Caf Bank Limited,1060.0,90.2,212000.0,55120.0,286772.0,553892.0,523.0
Shawbrook Bank Limited,1280.0,58.6,256000.0,66560.0,225062.0,547622.0,428.0
Somerset Bridge Insurance Services Limited,1472.0,36.9,294400.0,76544.0,162906.0,533850.0,363.0
Northern Bank Limited,1446.0,36.4,289200.0,75192.0,157990.0,522382.0,361.0
U.s. Bank Europe Dac,1747.0,15.2,349400.0,90844.0,79925.0,520169.0,298.0
Quilter Life & Pensions Limited,1076.0,68.2,215200.0,55952.0,220214.0,491366.0,457.0
J.p. Morgan Personal Investing Limited,1126.0,60.7,225200.0,58552.0,204909.0,488661.0,434.0
Metlife Europe D.a.c.,1126.0,57.0,225200.0,58552.0,192377.0,476129.0,423.0
Asurion Europe Limited,1566.0,17.2,313200.0,81432.0,80759.0,475391.0,304.0
Insurance Factory Limited,1266.0,40.2,253200.0,65832.0,152870.0,471902.0,373.0
Xbridge Limited,1240.0,39.6,248000.0,64480.0,147238.0,459718.0,371.0
Scottish Friendly Assurance Society Limited,985.0,69.1,197000.0,51220.0,204161.0,452381.0,459.0
Principality Building Society,1059.0,54.4,211800.0,55068.0,172829.0,439697.0,415.0
RBS Collective Investment Funds Limited,1342.0,24.0,268400.0,69784.0,96584.0,434768.0,324.0
Aj Bell Management Limited,1051.0,53.4,210200.0,54652.0,168370.0,433222.0,412.0
Arthur J. Gallagher Insurance Brokers Limited,977.0,62.0,195400.0,50804.0,181575.0,427779.0,438.0
Accord Mortgages Limited,950.0,63.9,190000.0,49400.0,182172.0,421572.0,444.0
Paragon Bank PLC,1003.0,53.6,200600.0,52156.0,161433.0,414189.0,413.0
Starr International (europe) Limited,1075.0,44.1,215000.0,55900.0,142352.0,413252.0,384.0
Aviva Health UK Limited,1236.0,27.0,247200.0,64272.0,100264.0,411736.0,333.0
Avantia Insurance Limited,1100.0,38.9,220000.0,57200.0,128469.0,405669.0,369.0
American International Group UK Limited,955.0,53.2,191000.0,49660.0,152361.0,393021.0,412.0
Helvetia Global Solutions LTD,965.0,51.1,193000.0,50180.0,147906.0,391086.0,405.0
Wesleyan Assurance Society,744.0,90.1,148800.0,38688.0,201170.0,388658.0,522.0
Embark Services Limited,730.0,91.7,146000.0,37960.0,200757.0,384717.0,527.0
Phoenix Life Ca Limited,892.0,59.6,178400.0,46384.0,159409.0,384193.0,431.0
Casualty & General Insurance Company (europe) LTD,1027.0,38.6,205400.0,53404.0,118896.0,377700.0,368.0
Extracover Limited,1114.0,28.9,222800.0,57928.0,96550.0,377278.0,339.0
I Go 4 Ltd.,958.0,46.8,191600.0,49816.0,134589.0,376005.0,392.0
St. James's Place UK PLC,840.0,62.7,168000.0,43680.0,157954.0,369634.0,440.0
Ageas Retail Limited,909.0,51.1,181800.0,47268.0,139432.0,368500.0,405.0
Embark Investment Services Limited,759.0,72.7,151800.0,39468.0,165447.0,356715.0,470.0
Kensington Mortgage Company Limited,1029.0,29.3,205800.0,53508.0,90511.0,349819.0,340.0
James Hay Administration Company Limited,764.0,68.3,152800.0,39728.0,156567.0,349095.0,457.0
Cynergy Bank PLC,701.0,80.0,140200.0,36452.0,168219.0,344871.0,492.0
Hbos Investment Fund Managers Limited,673.0,86.2,134600.0,34996.0,174018.0,343614.0,511.0
Family Equity Plan Limited,908.0,40.9,181600.0,47216.0,111493.0,340309.0,375.0
Qbe UK Limited,910.0,40.6,182000.0,47320.0,110865.0,340185.0,374.0
Reassure Life Limited,663.0,86.5,132600.0,34476.0,172009.0,339085.0,511.0
Ikano Bank Ab (publ),879.0,42.9,175800.0,45708.0,113048.0,334556.0,381.0
Interactive Brokers (u.k.) Limited,1116.0,10.7,223200.0,58032.0,35824.0,317056.0,284.0
True Potential Wealth Management LLP,1042.0,16.9,208400.0,54184.0,52767.0,315351.0,303.0
Exeter Friendly Society Limited,1050.0,15.8,210000.0,54600.0,49802.0,314402.0,299.0
Cofunds Limited,772.0,51.6,154400.0,40144.0,119506.0,314050.0,407.0
M & G Securities Limited,786.0,48.4,157200.0,40872.0,114127.0,312199.0,397.0
Octopus Money Unit Trust Managers Limited,622.0,83.3,124400.0,32344.0,155419.0,312163.0,502.0
Elderbridge Limited,758.0,51.1,151600.0,39416.0,116179.0,307195.0,405.0
Aviva Protection UK Limited,760.0,49.9,152000.0,39520.0,113681.0,305201.0,402.0
Acorn Insurance And Financial Services Limited,766.0,47.2,153200.0,39832.0,108535.0,301567.0,394.0
Countrywide Assured PLC,787.0,43.4,157400.0,40924.0,102585.0,300909.0,382.0
Newcastle Building Society,713.0,53.9,142600.0,37076.0,115228.0,294904.0,414.0
Advisory Insurance Brokers Limited,651.0,65.4,130200.0,33852.0,127765.0,291817.0,448.0
Castelan Limited,742.0,45.8,148400.0,38584.0,101884.0,288868.0,389.0
National House-building Council,745.0,43.9,149000.0,38740.0,98139.0,285879.0,384.0
London & Country Mortgages Limited,644.0,63.7,128800.0,33488.0,123126.0,285414.0,443.0
Car Care Plan Limited,876.0,23.3,175200.0,45552.0,61338.0,282090.0,322.0
Kroo Bank LTD,820.0,29.3,164000.0,42640.0,72004.0,278644.0,340.0
UK Mortgage Lending LTD,682.0,51.6,136400.0,35464.0,105635.0,277499.0,407.0
Pepper (uk) Limited,723.0,42.3,144600.0,37596.0,91835.0,274031.0,379.0
Acm Ulr Limited,636.0,58.4,127200.0,33072.0,111523.0,271795.0,427.0
Call Assist Limited,724.0,37.8,144800.0,37648.0,82188.0,264636.0,366.0
Antares Insurance Company Limited,650.0,51.5,130000.0,33800.0,100464.0,264264.0,407.0
One Sure Insurance Limited,770.0,29.0,154000.0,40040.0,67036.0,261076.0,339.0
Canada Life Limited,546.0,69.4,109200.0,28392.0,113710.0,251302.0,460.0
Ubs Ag,548.0,63.0,109600.0,28496.0,103605.0,241701.0,441.0
Highway Insurance Company Limited,611.0,47.3,122200.0,31772.0,86719.0,240691.0,394.0
Quilter Investment Platform Limited,516.0,69.1,103200.0,26832.0,106936.0,236968.0,459.0
Connells Limited,608.0,42.6,121600.0,31616.0,77629.0,230845.0,380.0
West Bay Insurance PLC,507.0,66.7,101400.0,26364.0,101496.0,229260.0,452.0
Sabre Insurance Company Limited,644.0,34.2,128800.0,33488.0,66132.0,228420.0,355.0
Reassured Limited,604.0,41.8,120800.0,31408.0,75705.0,227913.0,377.0
Quilter Financial Services Limited,580.0,41.9,116000.0,30160.0,72889.0,219049.0,378.0
Millennium Insurance Company Limited,542.0,50.4,108400.0,28184.0,82032.0,218616.0,403.0
Halifax Share Dealing Limited,541.0,50.4,108200.0,28132.0,81815.0,218147.0,403.0
Hood Travel Limited,711.0,17.2,142200.0,36972.0,36688.0,215860.0,304.0
Complete Cover Group LTD,560.0,41.9,112000.0,29120.0,70426.0,211546.0,378.0
Lexham Insurance Consultants Limited,583.0,32.9,116600.0,30316.0,57525.0,204441.0,351.0
Fil Life Insurance Limited,517.0,46.1,103400.0,26884.0,71563.0,201847.0,390.0
Forester Life Limited,544.0,38.1,108800.0,28288.0,62147.0,199235.0,366.0
Usay Business LTD,629.0,19.4,125800.0,32708.0,36683.0,195191.0,310.0
Evolution Insurance Company Limited,582.0,26.6,116400.0,30264.0,46444.0,193108.0,332.0
Swift 1st Limited,636.0,14.8,127200.0,33072.0,28238.0,188510.0,296.0
Rothesay Life PLC,553.0,25.0,110600.0,28756.0,41409.0,180765.0,327.0
Eversure Limited,612.0,11.9,122400.0,31824.0,21903.0,176127.0,288.0
Ascent Performance Group Limited,514.0,30.2,102800.0,26728.0,46568.0,176096.0,343.0
Telefonica UK Limited,314.0,81.9,62800.0,16328.0,77131.0,156259.0,498.0
Etoro (uk) Limited,504.0,3.3,100800.0,26208.0,5005.0,132013.0,262.0
Secure Trust Bank Public Limited Company,315.0,34.5,63000.0,16380.0,32584.0,111964.0,355.0
Vodafone Limited,252.0,54.9,50400.0,13104.0,41535.0,105039.0,417.0
Close Brothers Limited,382.0,0.8,76400.0,19864.0,905.0,97169.0,254.0
Carfinance247 Limited,199.0,34.6,39800.0,10348.0,20668.0,70816.0,356.0
Fce Bank PLC,154.0,55.6,30800.0,8008.0,25696.0,64504.0,419.0
Shop Direct Finance Company Limited,87.0,31.0,17400.0,4524.0,8091.0,30015.0,345.0
Cabot Credit Management Group Limited,35.0,52.3,7000.0,1820.0,5488.0,14308.0,409.0
Leaseplan UK Limited,23.0,76.2,4600.0,1196.0,5257.0,11053.0,481.0
Admiral Financial Services Limited,16.0,85.7,3200.0,832.0,4114.0,8146.0,509.0
Funding Circle LTD,13.0,53.8,2600.0,676.0,2100.0,5376.0,414.0
Motonovo Finance Limited,18.0,0.0,3600.0,936.0,0.0,4536.0,252.0
Link Financial Outsourcing Limited,10.0,55.0,2000.0,520.0,1650.0,4170.0,417.0
Firstrand Bank Limited,16.0,0.0,3200.0,832.0,0.0,4032.0,252.0
Volkswagen Financial Services (uk) Limited,15.0,0.0,3000.0,780.0,0.0,3780.0,252.0
Experian Limited,1.0,0.0,200.0,52.0,0.0,252.0,252.0
Carmoola Limited,0.0,55.0,0.0,0.0,0.0,0.0,
