reporting_period,firm_name,complaints_opened,complaints_closed,uphold_rate_weighted_pct,complaint_rate_per_1k,pct_3days_mean,pct_3to8weeks_mean,period_order,rank_by_volume,prev_complaints_opened,volume_abs_change,volume_pct_change
2024H1,AIB Group (uk) PLC,568.0,582.0,58.04,531.6831683168317,0.15552500000000002,0.844025,0,190,,,
2025H1,Abrdn Fund Managers Limited,800.0,768.0,29.3,,0.4896,0.4766,2,157,,,
2024H1,Accord Mortgages Limited,992.0,1039.0,64.58,147.39970282317978,0.17275000000000001,0.7283999999999999,0,144,,,
2024H2,Accord Mortgages Limited,892.0,880.0,65.73,123.8888888888889,0.322,0.6663,1,146,992.0,-100.0,-10.08
2025H1,Accord Mortgages Limited,918.0,887.0,66.89,138.88048411497732,0.17375000000000002,0.7944,2,146,892.0,26.0,2.91
2025H2,Accord Mortgages Limited,950.0,911.0,63.92,162.95025728987994,0.1896,0.8004,3,146,918.0,32.0,3.49
2024H1,Accredited Insurance (europe) LTD,5609.0,5831.0,36.87,2298.7704918032787,0.2307,0.5956,0,55,,,
2024H2,Accredited Insurance (europe) LTD,4219.0,4005.0,38.85,2971.1267605633802,0.2787,0.6979,1,61,5609.0,-1390.0,-24.78
2025H1,Accredited Insurance (europe) LTD,4649.0,4940.0,43.83,3779.6747967479673,0.2316,0.7555,2,60,4219.0,430.0,10.19
2025H2,Accredited Insurance (europe) LTD,4337.0,4046.0,37.64,2762.420382165605,0.2405,0.74,3,63,4649.0,-312.0,-6.71
2024H1,Acm Ulr Limited,1247.0,0.0,47.2,82.41903502974223,,,0,127,,,
2024H2,Acm Ulr Limited,865.0,837.0,42.65,73.67972742759795,0.086,0.8984,1,148,1247.0,-382.0,-30.63
2025H1,Acm Ulr Limited,723.0,709.0,46.12,79.01639344262294,0.1016,0.8364,2,170,865.0,-142.0,-16.42
2025H2,Acm Ulr Limited,636.0,669.0,58.45,48.77300613496933,0.1958,0.7608,3,180,723.0,-87.0,-12.03
2024H1,Acorn Insurance & Financial Services LTD,633.0,686.0,55.83,419.20529801324506,0.1953,0.8032,0,178,,,
2024H2,Acorn Insurance & Financial Services LTD,823.0,770.0,51.69,548.6666666666666,0.274,0.7247,1,152,633.0,190.0,30.02
2025H1,Acorn Insurance & Financial Services LTD,805.0,879.0,55.06,579.136690647482,0.3732,0.6257,2,156,823.0,-18.0,-2.19
2025H2,Acorn Insurance And Financial Services Limited,766.0,741.0,47.23,666.0869565217391,0.4278,0.5709,3,159,,,
2025H1,Acromas Insurance Company Limited,2446.0,2527.0,50.3,2495.918367346939,0.3265,0.6478,2,95,,,
2025H2,Acromas Insurance Company Limited,1840.0,1781.0,49.75,2666.666666666667,0.3307,0.6513,3,105,2446.0,-606.0,-24.78
2024H1,Action 365 LTD,997.0,1127.0,35.31,48.872549019607845,0.1109,0.638,0,143,,,
2024H2,Action 365 LTD,966.0,998.0,31.36,64.4,0.2124,0.6984,1,139,997.0,-31.0,-3.11
2025H1,Action 365 LTD,789.0,913.0,33.95,76.67638483965015,0.2037,0.7437,2,158,966.0,-177.0,-18.32
2025H1,Admiral Financial Services Limited,9.0,8.0,100.0,,0.125,0.875,2,217,,,
2025H2,Admiral Financial Services Limited,16.0,14.0,85.71,,0.4286,0.5714,3,213,9.0,7.0,77.78
2024H1,Adrian Flux Insurance Services Group,1271.0,1272.0,22.25,882.6388888888889,0.9552,0.0448,0,126,,,
2024H2,Adrian Flux Insurance Services Group,1665.0,1665.0,20.12,890.3743315508021,0.9369,0.0619,1,112,1271.0,394.0,31.0
2025H1,Adrian Flux Insurance Services Group,1554.0,1557.0,22.22,903.4883720930233,0.9351,0.0642,2,116,1665.0,-111.0,-6.67
2025H2,Adrian Flux Insurance Services Group,2518.0,2500.0,21.4,929.1512915129151,0.94,0.0584,3,92,1554.0,964.0,62.03
2024H1,Advisory Insurance Brokers Limited,758.0,744.0,61.02,,0.3132,0.6331,0,160,,,
2024H2,Advisory Insurance Brokers Limited,816.0,778.0,59.13,,0.2198,0.7057,1,153,758.0,58.0,7.65
2025H1,Advisory Insurance Brokers Limited,708.0,697.0,60.4,,0.1363,0.7446,2,173,816.0,-108.0,-13.24
2025H2,Advisory Insurance Brokers Limited,651.0,671.0,65.42,,0.1684,0.766,3,176,708.0,-57.0,-8.05
2024H1,Affinity Insurance Solutions Limited,1121.0,0.0,22.9,357.0063694267516,,,0,132,,,
2024H2,Affinity Insurance Solutions Limited,806.0,807.0,24.91,351.9650655021834,0.8278,0.1698,1,155,1121.0,-315.0,-28.1
2025H1,Affinity Insurance Solutions Limited,663.0,0.0,,334.8484848484849,,,2,183,806.0,-143.0,-17.74
2024H1,Ageas Insurance Limited,6073.0,6297.0,46.61,4635.87786259542,0.2662,0.6228,0,54,,,
2024H2,Ageas Insurance Limited,5058.0,5243.0,46.54,4436.842105263158,0.2685,0.6481,1,55,6073.0,-1015.0,-16.71
2025H1,Ageas Insurance Limited,5090.0,5189.0,47.81,4241.666666666667,0.312,0.6329,2,56,5058.0,32.0,0.63
2025H2,Ageas Insurance Limited,4403.0,4463.0,54.16,4274.757281553398,0.2911,0.6458,3,62,5090.0,-687.0,-13.5
2024H1,Ageas Retail Limited,1096.0,1083.0,47.92,788.4892086330935,0.4561,0.5355,0,135,,,
2024H2,Ageas Retail Limited,993.0,995.0,45.63,730.1470588235294,0.4834,0.5126,1,136,1096.0,-103.0,-9.4
2025H1,Ageas Retail Limited,912.0,932.0,50.21,701.5384615384615,0.5021,0.4936,2,148,993.0,-81.0,-8.16
2025H2,Ageas Retail Limited,909.0,888.0,51.13,678.3582089552239,0.4887,0.5079,3,148,912.0,-3.0,-0.33
2024H1,Aig Life Limited,633.0,0.0,42.74,1291.8367346938776,,,0,178,,,
2024H1,Aioi Nissay Dowa Insurance UK Limited,2542.0,2465.0,45.92,383.987915407855,0.1201,0.8483,0,90,,,
2024H2,Aioi Nissay Dowa Insurance UK Limited,2193.0,2628.0,54.34,343.19248826291084,0.1572,0.8204,1,96,2542.0,-349.0,-13.73
2025H1,Aioi Nissay Dowa Insurance UK Limited,1585.0,1671.0,43.75,301.3307984790875,0.304,0.6852,2,115,2193.0,-608.0,-27.72
2025H2,Aioi Nissay Dowa Insurance UK Limited,1554.0,1497.0,46.76,306.50887573964496,0.2692,0.7188,3,113,1585.0,-31.0,-1.96
2024H1,Aj Bell Management Limited,763.0,772.0,47.41,224.41176470588235,0.4417,0.5557,0,158,,,
2024H2,Aj Bell Management Limited,955.0,963.0,50.88,237.5621890547264,0.4382,0.5576,1,142,763.0,192.0,25.16
2025H1,Aj Bell Management Limited,1350.0,1349.0,62.27,258.1261950286807,0.3195,0.6768,2,123,955.0,395.0,41.36
2025H2,Aj Bell Management Limited,1051.0,1043.0,53.4,275.8530183727034,0.3739,0.6242,3,135,1350.0,-299.0,-22.15
2024H1,Aj Bell Securities Limited,692.0,702.0,51.26,72.99578059071732,0.29483333333333334,0.7051666666666666,0,167,,,
2024H2,Aj Bell Securities Limited,959.0,968.0,54.94,111.64144353899884,0.36949999999999994,0.6291666666666667,1,141,692.0,267.0,38.58
2025H1,Aj Bell Securities Limited,1233.0,1229.0,51.36,58.60266159695818,0.4257666666666666,0.5735333333333333,2,127,959.0,274.0,28.57
2025H2,Aj Bell Securities Limited,1500.0,1474.0,50.93,76.02635580334515,0.40586666666666665,0.5938333333333333,3,115,1233.0,267.0,21.65
2024H1,Aldermore Bank PLC,1796.0,1695.0,64.21,79.57465662383694,0.40635,0.583,0,108,,,
2024H2,Aldermore Bank PLC,1444.0,1386.0,66.18,81.0780460415497,0.32045,0.63395,1,117,1796.0,-352.0,-19.6
2025H1,Aldermore Bank PLC,1633.0,1732.0,69.51,103.94653087205602,0.3654,0.6196999999999999,2,113,1444.0,189.0,13.09
2025H2,Aldermore Bank PLC,1445.0,1362.0,70.71,96.33333333333333,0.38459999999999994,0.5991,3,119,1633.0,-188.0,-11.51
2024H1,Allianz Insurance PLC,3395.0,3411.0,61.3,4920.289855072464,0.2911,0.6848,0,74,,,
2024H2,Allianz Insurance PLC,2947.0,2929.0,57.22,4994.9152542372885,0.2414,0.7426,1,83,3395.0,-448.0,-13.2
2025H1,Allianz Insurance PLC,2758.0,2787.0,57.16,5014.545454545454,0.1697,0.8113,2,87,2947.0,-189.0,-6.41
2025H2,Allianz Insurance PLC,2908.0,2889.0,57.25,5192.857142857142,0.2288,0.7549,3,81,2758.0,150.0,5.44
2024H2,American Express Services Europe Limited,11273.0,10792.0,32.61,3046.7567567567567,0.0665,0.93345,1,35,,,
2025H1,American Express Services Europe Limited,13353.0,12552.0,34.04,3241.019417475728,0.08145000000000001,0.9183,2,27,11273.0,2080.0,18.45
2025H2,American Express Services Europe Limited,14814.0,14326.0,33.09,3429.1666666666665,0.09785,0.87295,3,26,13353.0,1461.0,10.94
2024H1,American Express Services Europe Limited (aesel),8787.0,8633.0,33.79,2900.0,0.10135,0.8908499999999999,0,46,,,
2024H1,American International Group UK Limited,3167.0,3147.0,53.99,3682.5581395348836,0.2371,0.7582,0,81,,,
2024H2,American International Group UK Limited,1109.0,1107.0,47.43,3465.625,0.168,0.8202,1,131,3167.0,-2058.0,-64.98
2025H1,American International Group UK Limited,925.0,921.0,47.99,4404.761904761905,0.165,0.8252,2,144,1109.0,-184.0,-16.59
2025H2,American International Group UK Limited,955.0,929.0,53.18,4775.0,0.1808,0.8105,3,145,925.0,30.0,3.24
2024H1,Amtrust Europe Limited,2046.0,2243.0,40.08,4546.666666666667,0.1734,0.6625,0,101,,,
2024H2,Amtrust Specialty Limited,2314.0,2140.0,49.39,6089.473684210527,0.1654,0.7673,1,93,,,
2025H1,Amtrust Specialty Limited,2170.0,2229.0,55.41,5710.526315789473,0.1153,0.7658,2,100,2314.0,-144.0,-6.22
2025H2,Amtrust Specialty Limited,1976.0,1994.0,50.25,5488.888888888889,0.0863,0.8325,3,102,2170.0,-194.0,-8.94
2024H1,Animal Friends Insurance Services LTD,3888.0,3657.0,31.47,,0.2316,0.7678,0,70,,,
2024H2,Animal Friends Insurance Services LTD,3228.0,3041.0,31.34,,0.2499,0.7494,1,76,3888.0,-660.0,-16.98
2025H1,Animal Friends Insurance Services LTD,3055.0,2620.0,48.28,,0.2427,0.7546,2,80,3228.0,-173.0,-5.36
2025H2,Animal Friends Insurance Services Limited,3482.0,3575.0,56.31,,0.2078,0.791,3,71,,,
2025H2,Antares Insurance Company Limited,650.0,594.0,51.52,197.56838905775075,0.2222,0.7677,3,177,,,
2024H2,Arag Legal Expenses Insurance Company Limited,1930.0,1948.0,70.28,6892.857142857142,0.0765,0.8178,1,104,,,
2025H1,Arag Legal Expenses Insurance Company Limited,2041.0,2220.0,63.42,7289.285714285714,0.1194,0.8374,2,103,1930.0,111.0,5.75
2025H2,Arag Legal Expenses Insurance Company Limited,2976.0,2728.0,53.26,9600.0,0.2427,0.7115,3,80,2041.0,935.0,45.81
2024H1,Arnold Clark Automobiles Limited,21.0,22.0,9.09,,0.4545,0.5455,0,222,,,
2024H1,Arthur J. Gallagher Insurance Brokers Limited,1082.0,0.0,57.52,,,,0,137,,,
2024H2,Arthur J. Gallagher Insurance Brokers Limited,1047.0,1051.0,62.32,,0.3406,0.6365,1,133,1082.0,-35.0,-3.23
2025H1,Arthur J. Gallagher Insurance Brokers Limited,1053.0,1072.0,59.98,,0.3713,0.597,2,136,1047.0,6.0,0.57
2025H2,Arthur J. Gallagher Insurance Brokers Limited,977.0,1004.0,61.95,,0.3317,0.6474,3,142,1053.0,-76.0,-7.22
2025H2,Ascent Performance Group Limited,514.0,543.0,30.2,10.489795918367347,0.09365,0.90635,3,200,,,
2024H1,Assurant General Insurance Limited,6202.0,6733.0,45.66,4277.241379310345,0.3431,0.5696,0,53,,,
2024H2,Assurant General Insurance Limited,6996.0,7621.0,40.94,4695.302013422819,0.576,0.3486,1,47,6202.0,794.0,12.8
2025H1,Assurant General Insurance Limited,5778.0,6584.0,38.68,5252.727272727272,0.5409,0.3262,2,52,6996.0,-1218.0,-17.41
2025H2,Assurant General Insurance Limited,6731.0,6825.0,46.07,5704.237288135593,0.65,0.3408,3,46,5778.0,953.0,16.49
2024H1,Astrenska Insurance Limited,1911.0,2387.0,57.86,3605.66037735849,0.0855,0.7834,0,106,,,
2024H2,Astrenska Insurance Limited,1854.0,1789.0,51.98,,0.1873,0.7915,1,107,1911.0,-57.0,-2.98
2025H1,Astrenska Insurance Limited,2026.0,1981.0,53.91,5788.571428571429,0.1403,0.8344,2,105,1854.0,172.0,9.28
2025H2,Astrenska Insurance Limited,2862.0,2483.0,56.1,5503.846153846153,0.1599,0.8099,3,84,2026.0,836.0,41.26
2024H1,Asurion Europe Limited,1586.0,1741.0,22.11,660.8333333333334,0.251,0.7438,0,119,,,
2024H2,Asurion Europe Limited,1431.0,1465.0,21.84,668.6915887850466,0.4382,0.5577,1,119,1586.0,-155.0,-9.77
2025H1,Asurion Europe Limited,1548.0,1487.0,18.56,681.9383259911895,0.3941,0.6052,2,117,1431.0,117.0,8.18
2025H2,Asurion Europe Limited,1566.0,1571.0,17.19,699.1071428571428,0.38,0.62,3,112,1548.0,18.0,1.16
2024H1,Atlanta Insurance Intermediaries Limited,12140.0,0.0,46.36,1958.0645161290322,,,0,33,,,
2024H2,Atlanta Insurance Intermediaries Limited,9798.0,9764.0,42.68,1869.8473282442746,0.6726,0.3224,1,36,12140.0,-2342.0,-19.29
2025H1,Atlanta Insurance Intermediaries Limited,9569.0,9889.0,46.17,2006.0796645702308,0.7197,0.2772,2,37,9798.0,-229.0,-2.34
2025H2,Atlanta Insurance Intermediaries Limited,8517.0,8470.0,43.65,2018.2464454976305,0.7627,0.2351,3,39,9569.0,-1052.0,-10.99
2024H1,Automobile Association Insurance Services Limited,11667.0,12312.0,31.9,,0.3409,0.6577,0,35,,,
2024H2,Automobile Association Insurance Services Limited,8063.0,0.0,,,,,1,46,11667.0,-3604.0,-30.89
2025H1,Automobile Association Insurance Services Limited,6366.0,6710.0,37.03,,0.3602,0.6222,2,50,8063.0,-1697.0,-21.05
2025H2,Automobile Association Insurance Services Limited,6657.0,6486.0,41.72,,0.5681,0.3791,3,47,6366.0,291.0,4.57
2025H1,Autoprotect (mbi) LTD,515.0,0.0,,,,,2,200,,,
2024H1,Avantia Insurance Limited,1764.0,1679.0,36.45,300.51107325383305,0.7147,0.2841,0,111,,,
2024H2,Avantia Insurance Limited,1437.0,1460.0,36.44,315.13157894736844,0.6685,0.3315,1,118,1764.0,-327.0,-18.54
2025H1,Avantia Insurance Limited,1122.0,1181.0,38.7,333.92857142857144,0.6876,0.3116,2,132,1437.0,-315.0,-21.92
2025H2,Avantia Insurance Limited,1100.0,1089.0,38.93,347.0031545741325,0.7971,0.202,3,130,1122.0,-22.0,-1.96
2024H1,Aviva Health UK Limited,1606.0,0.0,48.73,,,,0,116,,,
2024H2,Aviva Health UK Limited,1337.0,1386.0,36.72,,0.4942,0.4798,1,121,1606.0,-269.0,-16.75
2025H1,Aviva Health UK Limited,1262.0,1211.0,29.23,,0.507,0.4781,2,126,1337.0,-75.0,-5.61
2025H2,Aviva Health UK Limited,1236.0,1276.0,27.04,,0.4937,0.4749,3,124,1262.0,-26.0,-2.06
2024H1,Aviva Insurance Limited,48518.0,49278.0,61.3,15959.868421052632,0.2904,0.646,0,12,,,
2024H2,Aviva Insurance Limited,49190.0,50012.0,58.48,16903.78006872852,0.3191,0.6558,1,12,48518.0,672.0,1.39
2025H1,Aviva Insurance Limited,48979.0,49655.0,57.39,17810.545454545456,0.3666,0.6002,2,11,49190.0,-211.0,-0.43
2025H2,Aviva Insurance Limited,49795.0,50156.0,56.27,18306.985294117647,0.4349,0.5418,3,10,48979.0,816.0,1.67
2024H1,Aviva Life Services UK Limited,24391.0,23746.0,61.72,1426.3742690058477,0.36435,0.49155,0,21,,,
2024H2,Aviva Life Services UK Limited,23862.0,24185.0,64.31,1382.502896871379,0.277025,0.5071,1,19,24391.0,-529.0,-2.17
2025H1,Aviva Life Services UK Limited,25086.0,25275.0,63.62,1739.6671289875171,0.2435,0.6007,2,17,23862.0,1224.0,5.13
2025H2,Aviva Life Services UK Limited,26131.0,26002.0,66.91,1859.8576512455516,0.22035,0.664175,3,18,25086.0,1045.0,4.17
2024H2,Aviva Protection UK Limited,742.0,862.0,47.1,1279.3103448275863,0.3144,0.6671,1,164,,,
2025H1,Aviva Protection UK Limited,642.0,661.0,36.76,1258.8235294117646,0.6082,0.3722,2,185,742.0,-100.0,-13.48
2025H2,Aviva Protection UK Limited,760.0,698.0,49.86,1225.8064516129032,0.1275,0.7264,3,161,642.0,118.0,18.38
2024H1,Awp Assistance UK LTD,2493.0,2282.0,83.3,6392.307692307692,0.1507,0.8344,0,92,,,
2024H2,Awp Assistance UK LTD,2716.0,2555.0,86.93,4452.459016393443,0.2751,0.7229,1,84,2493.0,223.0,8.95
2025H1,Awp Assistance UK LTD,2911.0,2771.0,80.73,4933.898305084746,0.2176,0.7755,2,83,2716.0,195.0,7.18
2025H2,Awp Assistance UK LTD,3144.0,2981.0,79.7,4990.476190476191,0.1546,0.8407,3,77,2911.0,233.0,8.0
2024H1,Awp P&c S.a.,1698.0,0.0,40.66,6288.888888888889,,,0,113,,,
2024H2,Awp P&c S.a.,2225.0,2049.0,42.02,4635.416666666667,0.2001,0.7721,1,95,1698.0,527.0,31.04
2025H1,Awp P&c S.a.,1771.0,1635.0,34.07,4919.444444444444,0.1609,0.8165,2,109,2225.0,-454.0,-20.4
2025H2,Awp P&c S.a.,2042.0,1919.0,35.85,4980.487804878049,0.1073,0.8749,3,100,1771.0,271.0,15.3
2024H1,Axa Insurance Designated Activity Company,2167.0,2172.0,54.37,256.44970414201185,0.8435,0.1275,0,99,,,
2024H2,Axa Insurance Designated Activity Company,2047.0,2091.0,55.24,248.72417982989063,0.858,0.1062,1,99,2167.0,-120.0,-5.54
2025H1,Axa Insurance Designated Activity Company,2085.0,2117.0,58.67,247.624703087886,0.8172,0.1474,2,101,2047.0,38.0,1.86
2025H2,Axa Insurance Designated Activity Company,1817.0,1842.0,56.84,241.62234042553192,0.8447,0.1216,3,108,2085.0,-268.0,-12.85
2024H1,Axa Insurance UK PLC,28525.0,30358.0,59.31,3018.5185185185187,0.2662,0.5126,0,18,,,
2024H2,Axa Insurance UK PLC,20381.0,22083.0,58.32,2915.736766809728,0.3015,0.5245,1,22,28525.0,-8144.0,-28.55
2025H1,Axa Insurance UK PLC,16910.0,17758.0,57.47,3041.3669064748206,0.3177,0.5749,2,24,20381.0,-3471.0,-17.03
2025H2,Axa Insurance UK PLC,16052.0,16159.0,58.71,3365.1991614255767,0.3117,0.6344,3,25,16910.0,-858.0,-5.07
2024H1,Axa Ppp Healthcare Limited,41657.0,41555.0,47.99,1133.5238095238096,0.7817,0.2095,0,14,,,
2024H2,Axa Ppp Healthcare Limited,24510.0,24363.0,56.03,1632.9113924050632,0.6477,0.3252,1,18,41657.0,-17147.0,-41.16
2025H1,Axa Ppp Healthcare Limited,21855.0,21622.0,55.19,1604.6255506607931,0.5745,0.3579,2,20,24510.0,-2655.0,-10.83
2025H2,Axa Ppp Healthcare Limited,19555.0,20666.0,54.6,1596.3265306122448,0.5099,0.4749,3,21,21855.0,-2300.0,-10.52
2024H1,Bank Of Ireland (uk) PLC,3889.0,4288.0,42.76,366.25475285171103,0.5311666666666667,0.5917666666666667,0,69,,,
2024H2,Bank Of Ireland (uk) PLC,3367.0,3531.0,41.4,294.33628318584067,0.2669333333333333,0.6838666666666667,1,73,3889.0,-522.0,-13.42
2025H1,Bank Of Ireland (uk) PLC,3213.0,3106.0,40.32,248.8262910798122,0.2879,0.6541333333333333,2,77,3367.0,-154.0,-4.57
2025H2,Bank Of Ireland (uk) PLC,2643.0,2769.0,39.61,222.9326513213981,0.4324333333333333,0.618625,3,91,3213.0,-570.0,-17.74
2024H1,Bank Of Scotland PLC,78357.0,79144.0,62.03,8498.590021691974,0.29222000000000004,0.62468,0,4,,,
2024H2,Bank Of Scotland PLC,74404.0,73102.0,65.31,8815.639810426539,0.33426,0.54774,1,4,78357.0,-3953.0,-5.04
2025H1,Bank Of Scotland PLC,77714.0,76698.0,66.66,9408.474576271186,0.2331,0.57306,2,5,74404.0,3310.0,4.45
2025H2,Bank Of Scotland PLC,79508.0,76977.0,68.06,9364.89988221437,0.27122,0.55006,3,5,77714.0,1794.0,2.31
2024H1,Barclays Bank PLC,10840.0,11064.0,68.15,1076.2948207171316,0.4340333333333333,0.5906,0,37,,,
2024H2,Barclays Bank PLC,9458.0,9445.0,61.6,772.8314238952538,0.23015999999999998,0.73918,1,38,10840.0,-1382.0,-12.75
2025H1,Barclays Bank PLC,10982.0,10431.0,63.55,839.0636991557943,0.403125,0.4507,2,29,9458.0,1524.0,16.11
2025H2,Barclays Bank PLC,10416.0,11355.0,60.91,925.6708407871199,0.4047,0.711,3,32,10982.0,-566.0,-5.15
2024H1,Barclays Bank UK PLC,79955.0,85184.0,66.57,6188.84585592564,0.35825999999999997,0.36282000000000003,0,3,,,
2024H2,Barclays Bank UK PLC,68750.0,68331.0,66.66,6896.28514056225,0.33042,0.4909,1,6,79955.0,-11205.0,-14.01
2025H1,Barclays Bank UK PLC,154273.0,154044.0,77.86,12949.62216624685,0.3153,0.5446,2,1,68750.0,85523.0,124.4
2025H2,Barclays Bank UK PLC,85996.0,86972.0,60.65,9882.068965517243,0.53214,0.40718,3,3,154273.0,-68277.0,-44.26
2024H1,Bisl Limited,11260.0,0.0,40.96,2502.222222222222,,,0,36,,,
2024H2,Bisl Limited,13571.0,13387.0,37.22,2239.4389438943895,0.4977,0.5002,1,29,11260.0,2311.0,20.52
2025H1,Bisl Limited,12473.0,12369.0,38.13,2284.4322344322345,0.5547,0.4417,2,28,13571.0,-1098.0,-8.09
2025H2,Bisl Limited,11577.0,11307.0,45.72,2213.575525812619,0.68,0.3137,3,28,12473.0,-896.0,-7.18
2024H1,Black Horse Limited,412.0,38.0,0.0,,0.29165,0.69445,0,209,,,
2024H1,Brightside Insurance Services Limited,723.0,0.0,39.12,229.52380952380952,,,0,163,,,
2024H1,British Gas Services Limited,55282.0,55872.0,96.36,5561.5694164989945,0.755,0.2067,0,9,,,
2024H2,British Gas Services Limited,57808.0,56598.0,95.49,5505.523809523809,0.6728,0.2941,1,9,55282.0,2526.0,4.57
2025H1,British Gas Services Limited,51725.0,52837.0,94.92,5410.564853556485,0.6663,0.2842,2,10,57808.0,-6083.0,-10.52
2025H2,British Gas Services Limited,49016.0,47157.0,93.07,5339.433551198257,0.6879,0.275,3,12,51725.0,-2709.0,-5.24
2024H1,Bspoke Underwriting LTD,526.0,520.0,53.46,,0.2135,0.775,0,199,,,
2024H1,Bupa Insurance Services Limited,33137.0,34166.0,56.63,3287.4007936507937,0.4765,0.5158,0,17,,,
2024H2,Bupa Insurance Services Limited,31626.0,31336.0,56.76,3375.2401280683034,0.6314,0.3652,1,16,33137.0,-1511.0,-4.56
2025H1,Bupa Insurance Services Limited,31133.0,31139.0,58.2,3421.2087912087914,0.5559,0.4412,2,15,31626.0,-493.0,-1.56
2025H2,Bupa Insurance Services Limited,28091.0,27518.0,57.13,3438.310893512852,0.5812,0.4162,3,17,31133.0,-3042.0,-9.77
2024H2,Business Insurance Solutions Limited,479.0,0.0,,,,,1,202,,,
2024H1,Cabot Credit Management Group Limited,24.0,26.0,38.46,,0.0769,0.7692,0,221,,,
2024H2,Cabot Credit Management Group Limited,26.0,28.0,39.29,,0.1071,0.7857,1,215,24.0,2.0,8.33
2025H1,Cabot Credit Management Group Limited,47.0,30.0,43.33,,0.1,0.8,2,211,26.0,21.0,80.77
2025H2,Cabot Credit Management Group Limited,35.0,44.0,52.27,,0.1818,0.7045,3,210,47.0,-12.0,-25.53
2025H2,Caf Bank Limited,1060.0,1049.0,90.18,25.94224180127264,0.0744,0.918,3,133,,,
2024H1,Call Assist LTD,852.0,909.0,41.03,,0.1936,0.8064,0,152,,,
2024H2,Call Assist LTD,644.0,656.0,41.92,225.96491228070175,0.3491,0.6494,1,176,852.0,-208.0,-24.41
2025H1,Call Assist Limited,711.0,698.0,38.97,216.10942249240122,0.2794,0.7206,2,171,,,
2025H2,Call Assist Limited,724.0,732.0,37.84,,0.2459,0.7514,3,168,711.0,13.0,1.83
2024H1,Canada Life Limited,1107.0,1443.0,87.5,,0.1651,0.6960000000000001,0,133,,,
2025H1,Canada Life Limited,568.0,579.0,72.82,163.2183908045977,0.2129,0.7144666666666666,2,194,1107.0,-539.0,-48.69
2025H2,Canada Life Limited,546.0,514.0,69.42,152.0891364902507,0.24133333333333332,0.7030666666666666,3,194,568.0,-22.0,-3.87
2024H2,Capital Home Loans Limited,515.0,571.0,31.17,15.993788819875775,0.0981,0.8354,1,198,,,
2024H1,Capital One (europe) PLC,24819.0,24946.0,34.77,4951.497005988024,0.1628,0.7581,0,20,,,
2024H2,Capital One (europe) PLC,23665.0,25138.0,31.15,5154.684095860566,0.09055,0.8210500000000001,1,20,24819.0,-1154.0,-4.65
2025H1,Capital One (europe) PLC,24855.0,24537.0,33.45,5460.879120879121,0.14445,0.84455,2,18,23665.0,1190.0,5.03
2025H2,Capital One (europe) PLC,30593.0,30549.0,34.28,5718.317757009346,0.1439,0.6838500000000001,3,16,24855.0,5738.0,23.09
2024H1,Car Care Plan Limited,978.0,980.0,27.86,940.3846153846154,0.3684,0.6255,0,146,,,
2024H2,Car Care Plan Limited,1043.0,1040.0,22.6,883.8983050847459,0.2385,0.7606,1,134,978.0,65.0,6.65
2025H1,Car Care Plan Limited,886.0,929.0,18.3,805.4545454545454,0.493,0.507,2,152,1043.0,-157.0,-15.05
2025H2,Car Care Plan Limited,876.0,891.0,23.34,755.1724137931035,0.4927,0.5073,3,152,886.0,-10.0,-1.13
2024H1,Carfinance247 Limited,146.0,140.0,39.29,,0.0,1.0,0,214,,,
2024H2,Carfinance247 Limited,158.0,173.0,17.92,,0.1098,0.8902,1,208,146.0,12.0,8.22
2025H2,Carfinance247 Limited,199.0,208.0,34.62,,0.0913,0.9038,3,207,158.0,41.0,25.95
2025H2,Carmoola Limited,0.0,0.0,,,,,3,219,,,
2024H1,Carole Nash Insurance Consultants LTD,4413.0,0.0,47.07,531.0469314079422,,,0,62,,,
2024H2,Carole Nash Insurance Consultants LTD,3087.0,3103.0,37.77,515.3589315525876,0.7316,0.2662,1,80,4413.0,-1326.0,-30.05
2025H1,Carole Nash Insurance Consultants Limited,3049.0,3098.0,47.42,523.8831615120274,0.7682,0.2295,2,81,,,
2025H2,Carole Nash Insurance Consultants Limited,2650.0,2669.0,44.02,492.5650557620818,0.7497,0.2499,3,89,3049.0,-399.0,-13.09
2024H2,Castelan Limited,541.0,551.0,30.67,1319.5121951219512,0.3067,0.6897,1,191,,,
2025H1,Castelan Limited,552.0,549.0,26.96,1254.5454545454545,0.3005,0.6976,2,196,541.0,11.0,2.03
2025H2,Castelan Limited,742.0,745.0,45.77,2061.1111111111113,0.2631,0.6738,3,166,552.0,190.0,34.42
2025H1,Casualty & General Insurance Company (europe) LTD,1114.0,1023.0,25.71,221.03174603174602,0.13,0.8641,2,134,,,
2025H2,Casualty & General Insurance Company (europe) LTD,1027.0,907.0,38.59,142.2437673130194,0.0849,0.7828,3,139,1114.0,-87.0,-7.81
2024H1,Charter Court Financial Services Limited,2192.0,2262.0,42.25,104.73005255613951,0.29045,0.6911499999999999,0,98,,,
2024H2,Charter Court Financial Services Limited,2022.0,2054.0,38.33,96.42346208869814,0.2196,0.7777499999999999,1,102,2192.0,-170.0,-7.76
2025H1,Charter Court Financial Services Limited,1874.0,1913.0,42.47,96.25064201335388,0.2966,0.6970000000000001,2,107,2022.0,-148.0,-7.32
2025H2,Charter Court Financial Services Limited,1834.0,1908.0,44.35,89.55078125,0.3258,0.66885,3,106,1874.0,-40.0,-2.13
2024H1,Chetwood Financial Limited,354.0,334.0,19.16,,0.0299,0.9701,0,211,,,
2024H2,Chetwood Financial Limited,339.0,324.0,20.37,,0.0247,0.9753,1,205,354.0,-15.0,-4.24
2024H1,Chubb European Group Se,4575.0,4476.0,65.62,6443.661971830987,0.0827,0.9097,0,61,,,
2024H2,Chubb European Group Se,4200.0,4213.0,62.85,6086.956521739131,0.1484,0.8296,1,62,4575.0,-375.0,-8.2
2025H1,Chubb European Group Se,4134.0,3969.0,64.6,6360.0,0.1877,0.7916,2,66,4200.0,-66.0,-1.57
2025H2,Chubb European Group Se,4417.0,4458.0,64.27,,0.1759,0.7815,3,60,4134.0,283.0,6.85
2024H1,Citibank UK Limited,1842.0,1846.0,11.41,30.35596572181938,0.40685,0.5931500000000001,0,107,,,
2024H2,Citibank UK Limited,755.0,780.0,12.18,6.709321958588821,0.47995,0.52005,1,160,1842.0,-1087.0,-59.01
2024H1,Clearbank Limited,3239.0,3176.0,51.86,1343.9834024896265,0.4424,0.5551,0,79,,,
2024H2,Clearbank Limited,3540.0,3398.0,58.18,1661.9718309859156,0.4461,0.5527,1,72,3239.0,301.0,9.29
2025H1,Clearbank Limited,3961.0,3906.0,69.94,2750.6944444444443,0.0579,0.9375,2,69,3540.0,421.0,11.89
2025H2,Clearbank Limited,3339.0,3523.0,57.11,3407.1428571428573,0.4224,0.5768,3,74,3961.0,-622.0,-15.7
2024H1,Close Brothers Limited,348.0,350.0,59.72,,0.1003,0.3997,0,212,,,
2024H2,Close Brothers Limited,315.0,300.0,60.39,,0.08985,0.9068,1,206,348.0,-33.0,-9.48
2025H1,Close Brothers Limited,163.0,173.0,60.1,,0.3256,0.6744,2,210,315.0,-152.0,-48.25
2025H2,Close Brothers Limited,382.0,386.0,0.79,,0.55355,0.4425,3,203,163.0,219.0,134.36
2024H1,Clydesdale Bank PLC,34377.0,33391.0,71.18,3362.328767123288,0.25724,0.58422,0,15,,,
2024H2,Clydesdale Bank PLC,37438.0,34818.0,72.08,3413.9726027397264,0.17675999999999997,0.62404,1,14,34377.0,3061.0,8.9
2025H1,Clydesdale Bank PLC,31691.0,35744.0,66.25,3405.161290322581,0.32366,0.46774000000000004,2,14,37438.0,-5747.0,-15.35
2025H2,Clydesdale Bank PLC,34185.0,34515.0,64.1,3170.8719851577,0.23979999999999999,0.692825,3,14,31691.0,2494.0,7.87
2024H1,Cofunds Limited,1071.0,1336.0,61.44,171.08626198083067,0.0319,0.26625,0,138,,,
2024H2,Cofunds Limited,992.0,1062.0,56.32,161.03896103896105,0.06465,0.8398,1,137,1071.0,-79.0,-7.38
2025H1,Cofunds Limited,1026.0,1026.0,46.61,207.6923076923077,0.17659999999999998,0.8142,2,138,992.0,34.0,3.43
2025H2,Cofunds Limited,772.0,765.0,51.6,148.46153846153845,0.19905,0.7951999999999999,3,157,1026.0,-254.0,-24.76
2024H1,Columbia Threadneedle Management Limited,637.0,640.0,32.66,122.97297297297298,0.2125,0.7547,0,177,,,
2024H1,Compare The Market Limited,505.0,506.0,9.09,,0.1759,0.8241,0,205,,,
2024H1,Complete Cover Group LTD,900.0,835.0,73.17,74.75083056478405,0.1593,0.8371,0,150,,,
2024H2,Complete Cover Group LTD,963.0,995.0,42.61,43.31983805668016,0.2673,0.7307,1,140,900.0,63.0,7.0
2025H1,Complete Cover Group LTD,905.0,879.0,41.18,37.47412008281574,0.4767,0.5233,2,150,963.0,-58.0,-6.02
2025H2,Complete Cover Group LTD,560.0,594.0,41.92,31.746031746031743,0.4815,0.5185,3,191,905.0,-345.0,-38.12
2024H1,Connells Limited,572.0,595.0,39.85,,0.06195,0.8934500000000001,0,188,,,
2024H2,Connells Limited,525.0,513.0,43.55,,0.055850000000000004,0.9222,1,194,572.0,-47.0,-8.22
2025H1,Connells Limited,543.0,515.0,45.09,,0.0503,0.8672,2,197,525.0,18.0,3.43
2025H2,Connells Limited,608.0,615.0,42.56,,0.05035,0.94245,3,186,543.0,65.0,11.97
2024H1,Corgi Homeplan LTD,1956.0,2128.0,73.83,258.0474934036939,0.0757,0.8999,0,104,,,
2024H2,Corgi Homeplan LTD,1809.0,1603.0,71.74,286.68779714738514,0.0979,0.8752,1,108,1956.0,-147.0,-7.52
2024H2,Countrywide Assured PLC,664.0,744.0,52.96,202.4390243902439,0.23096666666666665,0.38280000000000003,1,173,,,
2025H1,Countrywide Assured PLC,676.0,787.0,61.12,180.26666666666665,0.1895,0.5772666666666667,2,180,664.0,12.0,1.81
2025H2,Countrywide Assured PLC,787.0,702.0,43.45,68.673647469459,0.2047,0.6067666666666667,3,155,676.0,111.0,16.42
2024H1,Coutts & Company,1589.0,1592.0,53.76,77.66373411534701,0.315725,0.67294,0,117,,,
2024H2,Coutts & Company,1776.0,1774.0,48.82,87.96433878157504,0.18748000000000004,0.66996,1,110,1589.0,187.0,11.77
2025H1,Coutts & Company,1677.0,1644.0,45.74,91.53930131004367,0.25172,0.53826,2,111,1776.0,-99.0,-5.57
2025H2,Coutts & Company,1845.0,1849.0,46.8,81.9271758436945,0.1877,0.70052,3,104,1677.0,168.0,10.02
2024H1,Covea Insurance PLC,2243.0,2240.0,40.63,1466.013071895425,0.1759,0.7866,0,96,,,
2024H2,Covea Insurance PLC,2490.0,2479.0,42.07,1331.5508021390374,0.2053,0.7471,1,86,2243.0,247.0,11.01
2025H1,Covea Insurance PLC,2528.0,2435.0,46.41,1404.4444444444443,0.2074,0.7577,2,92,2490.0,38.0,1.53
2025H2,Covea Insurance PLC,2497.0,2545.0,49.27,1394.9720670391062,0.1792,0.7591,3,93,2528.0,-31.0,-1.23
2024H1,Coventry Building Society,3964.0,3967.0,66.85,1196.9788519637464,0.4992666666666667,0.4967,0,68,,,
2024H2,Coventry Building Society,3969.0,3966.0,65.98,1213.4556574923547,0.41,0.5887666666666667,1,65,3964.0,5.0,0.13
2025H1,Coventry Building Society,4466.0,4418.0,63.93,1365.1376146788991,0.41496666666666665,0.5848333333333333,2,62,3969.0,497.0,12.52
2025H2,Coventry Building Society,4145.0,4251.0,61.1,1225.7396449704142,0.2837,0.7159,3,65,4466.0,-321.0,-7.19
2024H1,Creation Consumer Finance LTD,6333.0,4554.0,29.34,2407.9847908745246,0.0736,0.7418,0,52,,,
2024H2,Creation Consumer Finance LTD,5621.0,3877.0,33.43,2476.211453744493,0.1545,0.7741,1,52,6333.0,-712.0,-11.24
2025H1,Creation Consumer Finance LTD,9886.0,3247.0,39.88,2471.5,0.1703,0.7933,2,35,5621.0,4265.0,75.88
2025H2,Creation Consumer Finance Limited,10537.0,3740.0,41.12,2608.168316831683,0.0866,0.8131,3,31,,,
2024H1,Creation Financial Services Limited,667.0,713.0,46.14,73.70165745856353,0.0827,0.6704,0,172,,,
2024H2,Creation Financial Services Limited,520.0,601.0,40.27,75.03607503607503,0.0616,0.8453,1,196,667.0,-147.0,-22.04
2025H1,Creation Financial Services Limited,404.0,406.0,36.45,,0.1921,0.7882,2,206,520.0,-116.0,-22.31
2024H1,Cynergy Bank PLC,704.0,622.0,85.73,119.12013536379018,0.4023,0.7988500000000001,0,166,,,
2024H2,Cynergy Bank PLC,907.0,697.0,80.48,126.14742698191932,0.1703,0.9127000000000001,1,144,704.0,203.0,28.84
2025H1,Cynergy Bank PLC,1049.0,768.0,79.77,157.74436090225564,0.1815,0.90795,2,137,907.0,142.0,15.66
2025H2,Cynergy Bank PLC,701.0,574.0,79.99,80.48220436280137,0.01145,0.9034500000000001,3,172,1049.0,-348.0,-33.17
2024H1,Das Legal Expenses Insurance Company Limited,1947.0,1964.0,67.82,6084.375,0.0891,0.8406,0,105,,,
2024H1,Devitt Insurance Services LTD,486.0,486.0,26.54,,0.8601,0.1132,0,207,,,
2025H1,Digital Moneybox Limited,655.0,521.0,37.05,992.4242424242424,0.25993333333333335,0.7400666666666668,2,184,,,
2024H1,Domestic & General Insurance PLC,48821.0,48304.0,54.94,10921.92393736018,0.5382,0.4463,0,11,,,
2024H2,Domestic & General Insurance PLC,44570.0,45614.0,54.18,11457.58354755784,0.7767,0.2177,1,13,48821.0,-4251.0,-8.71
2025H1,Domestic & General Insurance PLC,60444.0,59489.0,56.65,11851.764705882353,0.7763,0.2143,2,9,44570.0,15874.0,35.62
2025H2,Domestic & General Insurance PLC,56025.0,55887.0,52.22,12259.299781181619,0.7495,0.2392,3,9,60444.0,-4419.0,-7.31
2025H2,Ebs Pensions Limited,1176.0,776.0,93.17,34.37591347559193,0.0064,0.4008,3,125,,,
2024H1,Elavon Financial Services Designated Activity Company,2221.0,2217.0,17.68,87.64798737174428,0.4375,0.5557,0,97,,,
2024H1,Elderbridge Limited,974.0,957.0,54.75,19.44888178913738,0.069,0.6531,0,147,,,
2024H2,Elderbridge Limited,919.0,1004.0,48.75,18.044077134986225,0.0339,0.78565,1,143,974.0,-55.0,-5.65
2025H1,Elderbridge Limited,756.0,783.0,43.93,16.6446499339498,0.0319,0.8008,2,162,919.0,-163.0,-17.74
2025H2,Elderbridge Limited,758.0,781.0,51.09,15.31003837608564,0.0487,0.8079,3,163,756.0,2.0,0.26
2024H1,Embark Investment Services Limited,1101.0,0.0,75.09,156.61450924608818,,,0,134,,,
2024H2,Embark Investment Services Limited,755.0,598.0,73.58,171.59090909090907,0.14700000000000002,0.38139999999999996,1,160,1101.0,-346.0,-31.43
2025H1,Embark Investment Services Limited,628.0,885.0,68.69,195.6386292834891,0.3312,0.2407,2,187,755.0,-127.0,-16.82
2025H2,Embark Investment Services Limited,759.0,760.0,72.66,161.14649681528664,0.41015,0.5438,3,162,628.0,131.0,20.86
2025H1,Embark Services Limited,515.0,471.0,80.04,48.493408662900194,0.0722,0.3355,2,200,,,
2025H2,Embark Services Limited,730.0,432.0,91.67,51.300070274068865,0.0139,0.3403,3,167,515.0,215.0,41.75
2024H1,Equiniti Financial Services Limited,3255.0,3064.0,37.1,80.17241379310344,0.28405,0.7124999999999999,0,78,,,
2024H2,Equiniti Financial Services Limited,2099.0,2388.0,37.68,113.0317716747442,0.23655,0.758,1,97,3255.0,-1156.0,-35.51
2025H1,Equiniti Financial Services Limited,2359.0,2253.0,39.46,40.105406324379466,0.39790000000000003,0.60145,2,96,2099.0,260.0,12.39
2025H2,Equiniti Financial Services Limited,2875.0,2825.0,35.36,113.59146582378507,0.19155,0.80775,3,83,2359.0,516.0,21.87
2024H1,Ergo Travel Insurance Services LTD,2921.0,3047.0,45.82,2000.6849315068494,0.1726,0.6567,0,84,,,
2024H2,Ergo Travel Insurance Services LTD,3011.0,2863.0,45.48,2408.8,0.1642,0.7552,1,81,2921.0,90.0,3.08
2025H1,Ergo Travel Insurance Services LTD,2738.0,2614.0,42.27,2090.0763358778627,0.1959,0.7223,2,88,3011.0,-273.0,-9.07
2025H2,Ergo Travel Insurance Services LTD,4524.0,4190.0,62.39,1128.1795511221947,0.1449,0.7821,3,58,2738.0,1786.0,65.23
2025H1,Ergo UK Specialty Limited,574.0,513.0,54.97,,0.0312,0.924,2,192,,,
2024H1,Esure Insurance Limited,20386.0,23636.0,81.7,4229.4605809128625,0.2248,0.4083,0,23,,,
2024H2,Esure Insurance Limited,16080.0,15914.0,73.39,4123.076923076923,0.3836,0.5848,1,25,20386.0,-4306.0,-21.12
2025H1,Esure Insurance Limited,14395.0,14334.0,72.72,4297.014925373134,0.4976,0.4717,2,26,16080.0,-1685.0,-10.48
2025H2,Esure Insurance Limited,11352.0,11394.0,70.24,4332.824427480916,0.4454,0.5062,3,29,14395.0,-3043.0,-21.14
2025H2,Etoro (uk) Limited,504.0,514.0,3.31,293.0232558139535,0.5856,0.3949,3,202,,,
2024H1,Eui Limited,66719.0,66310.0,64.21,15999.760191846523,0.5178,0.4454,0,7,,,
2024H2,Eui Limited,73418.0,72246.0,61.6,16685.90909090909,0.4637,0.5023,1,5,66719.0,6699.0,10.04
2025H1,Eui Limited,70326.0,69925.0,61.58,16986.956521739132,0.4779,0.4751,2,6,73418.0,-3092.0,-4.21
2025H2,Eui Limited,60221.0,60383.0,63.86,17354.755043227666,0.4757,0.4601,3,8,70326.0,-10105.0,-14.37
2025H2,Eversure Limited,612.0,662.0,11.93,467.17557251908397,0.281,0.7009,3,184,,,
2025H1,Evolution Insurance Company Limited,540.0,543.0,27.81,701.2987012987013,0.2063,0.7035,2,198,,,
2025H2,Evolution Insurance Company Limited,582.0,579.0,26.6,718.5185185185185,0.3869,0.5423,3,189,540.0,42.0,7.78
2024H1,Exeter Friendly Society Limited,509.0,509.0,13.95,292.5287356321839,0.8566,0.1434,0,201,,,
2024H2,Exeter Friendly Society Limited,1162.0,1162.0,9.29,157.23951285520974,0.7694,0.2134,1,129,509.0,653.0,128.29
2025H1,Exeter Friendly Society Limited,1294.0,1308.0,7.26,144.74272930648772,0.737,0.2592,2,125,1162.0,132.0,11.36
2025H2,Exeter Friendly Society Limited,1050.0,1050.0,15.81,151.51515151515153,0.8629,0.1352,3,136,1294.0,-244.0,-18.86
2024H1,Experian Limited,3.0,3.0,0.0,,0.0,1.0,0,224,,,
2024H2,Experian Limited,2.0,3.0,0.0,,0.3333,0.6667,1,218,3.0,-1.0,-33.33
2025H1,Experian Limited,0.0,0.0,,,,,2,218,2.0,-2.0,-100.0
2025H2,Experian Limited,1.0,1.0,0.0,,0.0,1.0,3,218,0.0,1.0,
2024H1,Extracover Limited,561.0,557.0,28.9,7012.5,0.4919,0.5081,0,192,,,
2024H2,Extracover Limited,519.0,507.0,32.35,6487.5,0.5542,0.4458,1,197,561.0,-42.0,-7.49
2025H2,Extracover Limited,1114.0,1104.0,28.89,6962.5,0.4067,0.5933,3,129,519.0,595.0,114.64
2024H2,Family Assurance Friendly Society Limited,529.0,487.0,59.13,,0.37126666666666663,0.6279,1,193,,,
2025H1,Family Assurance Friendly Society Limited,693.0,718.0,58.92,,0.4331,0.5656666666666667,2,177,529.0,164.0,31.0
2024H1,Family Equity Plan Limited,1207.0,1238.0,47.66,429.5373665480427,0.44609999999999994,0.5539,0,130,,,
2024H2,Family Equity Plan Limited,830.0,818.0,49.44,,0.5975999999999999,0.4024,1,151,1207.0,-377.0,-31.23
2025H1,Family Equity Plan Limited,1194.0,1180.0,49.44,,0.3588,0.6394500000000001,2,128,830.0,364.0,43.86
2025H2,Family Equity Plan Limited,908.0,938.0,40.93,,0.4791,0.51795,3,149,1194.0,-286.0,-23.95
2024H1,Fce Bank PLC,94.0,115.0,34.78,,0.1391,0.8609,0,215,,,
2024H2,Fce Bank PLC,146.0,150.0,55.33,,0.64,0.36,1,209,94.0,52.0,55.32
2025H2,Fce Bank PLC,154.0,169.0,55.62,,0.497,0.503,3,208,146.0,8.0,5.48
2025H2,Fil Life Insurance Limited,517.0,492.0,46.14,403.90625,0.2154,0.6728,3,198,,,
2024H1,Financial Administration Services Limited,2347.0,2663.0,53.62,415.39823008849555,0.11945,0.5524,0,94,,,
2024H2,Financial Administration Services Limited,2030.0,2146.0,56.34,378.73134328358213,0.1521,0.72625,1,101,2347.0,-317.0,-13.51
2025H1,Financial Administration Services Limited,1854.0,1886.0,49.47,407.4725274725275,0.11185,0.73535,2,108,2030.0,-176.0,-8.67
2025H2,Financial Administration Services Limited,2028.0,1598.0,53.13,416.4271047227926,0.157,0.6858,3,101,1854.0,174.0,9.39
2024H1,First Central Insurance Management Limited,10584.0,10408.0,44.16,1426.4150943396226,0.6845,0.2993,0,40,,,
2024H2,First Central Insurance Management Limited,9224.0,9158.0,50.58,1478.2051282051282,0.5924,0.3899,1,40,10584.0,-1360.0,-12.85
2025H1,First Central Insurance Management Limited,8149.0,8266.0,54.27,1422.1640488656194,0.5665,0.4044,2,45,9224.0,-1075.0,-11.65
2025H2,First Central Insurance Management Limited,8797.0,8965.0,42.36,1405.2715654952078,0.555,0.4231,3,37,8149.0,648.0,7.95
2024H1,Firstrand Bank Limited,31.0,22.0,22.73,,0.3182,0.6364,0,219,,,
2024H2,Firstrand Bank Limited,42.0,52.0,1.92,,0.0192,0.5769,1,213,31.0,11.0,35.48
2025H1,Firstrand Bank Limited,21.0,22.0,0.0,,0.0,0.7273,2,214,42.0,-21.0,-50.0
2025H2,Firstrand Bank Limited,16.0,18.0,0.0,,0.1111,0.6111,3,213,21.0,-5.0,-23.81
2024H1,Fish Administration Limited,530.0,481.0,80.87,,0.5301,0.4012,0,198,,,
2024H1,Forester Life Limited,712.0,717.0,41.83,165.19721577726216,0.4003333333333334,0.36613333333333337,0,164,,,
2024H2,Forester Life Limited,502.0,568.0,41.72,253.53535353535355,0.4721666666666667,0.38280000000000003,1,201,712.0,-210.0,-29.49
2025H1,Forester Life Limited,612.0,576.0,34.84,181.60237388724036,0.48186666666666667,0.4788333333333334,2,189,502.0,110.0,21.91
2025H2,Forester Life Limited,544.0,563.0,38.08,189.54703832752614,0.39559999999999995,0.5846,3,195,612.0,-68.0,-11.11
2024H2,Forsakringsaktiebolaget Agria (publ),674.0,690.0,15.65,234.84320557491287,0.6899,0.3101,1,172,,,
2024H1,Fortegra Europe Insurance Company LTD,4001.0,2944.0,51.32,4041.4141414141413,0.2561,0.6963,0,67,,,
2024H2,Fortegra Europe Insurance Company LTD,3858.0,3417.0,54.38,4239.56043956044,0.3143,0.6675,1,67,4001.0,-143.0,-3.57
2025H1,Fortegra Europe Insurance Company LTD,3743.0,3100.0,54.94,3743.0,0.2723,0.7113,2,71,3858.0,-115.0,-2.98
2025H2,Fortegra Europe Insurance Company LTD,3792.0,3119.0,56.11,3447.272727272727,0.1943,0.7637,3,68,3743.0,49.0,1.31
2024H1,Frasers Group Financial Services Limited,1.0,2.0,50.0,,0.0,0.5,0,227,,,
2024H1,Funding Circle LTD,36.0,35.0,25.71,,0.0571,0.9429,0,217,,,
2024H2,Funding Circle LTD,36.0,40.0,30.0,,0.05,0.95,1,214,36.0,0.0,0.0
2025H1,Funding Circle LTD,15.0,18.0,38.89,,0.1111,0.8333,2,215,36.0,-21.0,-58.33
2025H2,Funding Circle LTD,13.0,13.0,53.85,,0.0,0.9231,3,216,15.0,-2.0,-13.33
2025H1,HSBC Bank PLC,514.0,510.0,53.51,143.17548746518108,0.48816666666666664,0.4186666666666667,2,202,,,
2024H1,HSBC UK Bank PLC,109178.0,112100.0,60.24,9411.896551724138,0.32694,0.58754,0,1,,,
2024H2,HSBC UK Bank PLC,98421.0,99392.0,59.94,9555.436893203883,0.33228,0.57168,1,1,109178.0,-10757.0,-9.85
2025H1,HSBC UK Bank PLC,91389.0,90802.0,59.82,9450.775594622544,0.33361999999999997,0.58178,2,3,98421.0,-7032.0,-7.14
2025H2,HSBC UK Bank PLC,81503.0,82203.0,58.48,9346.674311926605,0.25423999999999997,0.63578,3,4,91389.0,-9886.0,-10.82
2024H1,Halifax Share Dealing Limited,706.0,693.0,52.35,169.71153846153845,0.4282,0.5059,0,165,,,
2024H2,Halifax Share Dealing Limited,562.0,574.0,49.84,196.5034965034965,0.31135,0.5365500000000001,1,188,706.0,-144.0,-20.4
2025H1,Halifax Share Dealing Limited,686.0,663.0,51.77,118.68512110726643,0.29895,0.60755,2,178,562.0,124.0,22.06
2025H2,Halifax Share Dealing Limited,541.0,607.0,50.41,74.51790633608816,0.5304,0.4238,3,197,686.0,-145.0,-21.14
2024H1,Hargreaves Lansdown Asset Management Limited,5347.0,5172.0,53.97,1862.369337979094,0.12673333333333334,0.5236666666666667,0,56,,,
2024H2,Hargreaves Lansdown Asset Management Limited,5703.0,5908.0,63.44,1387.5912408759123,0.1886,0.78965,1,51,5347.0,356.0,6.66
2025H1,Hargreaves Lansdown Asset Management Limited,6639.0,6487.0,51.45,1823.901098901099,0.2258,0.75395,2,48,5703.0,936.0,16.41
2025H2,Hargreaves Lansdown Asset Management Limited,7021.0,6799.0,47.67,1828.3854166666667,0.243,0.73055,3,45,6639.0,382.0,5.75
2024H1,Hastings Insurance Services Limited,18217.0,17900.0,53.18,,0.3265,0.6545,0,25,,,
2024H2,Hastings Insurance Services Limited,15998.0,14645.0,50.62,,0.2954,0.6921,1,26,18217.0,-2219.0,-12.18
2025H1,Hastings Insurance Services Limited,18123.0,17586.0,53.05,,0.2439,0.7367,2,23,15998.0,2125.0,13.28
2025H2,Hastings Insurance Services Limited,19781.0,19003.0,52.04,,0.285,0.6858,3,20,18123.0,1658.0,9.15
2024H1,Hbos Investment Fund Managers Limited,754.0,757.0,80.71,320.8510638297872,0.502,0.4557,0,161,,,
2024H2,Hbos Investment Fund Managers Limited,710.0,676.0,75.0,307.35930735930737,0.426,0.5473,1,167,754.0,-44.0,-5.84
2025H1,Hbos Investment Fund Managers Limited,734.0,756.0,78.31,290.1185770750988,0.455,0.5013,2,168,710.0,24.0,3.38
2025H2,Hbos Investment Fund Managers Limited,673.0,659.0,86.19,271.3709677419355,0.349,0.607,3,174,734.0,-61.0,-8.31
2024H1,Helvetia Global Solutions LTD,1363.0,1358.0,37.48,2571.698113207547,0.3616,0.6009,0,124,,,
2024H2,Helvetia Global Solutions LTD,1232.0,1286.0,45.57,,0.1392,0.8429,1,126,1363.0,-131.0,-9.61
2025H1,Helvetia Global Solutions LTD,914.0,916.0,48.58,1986.9565217391303,0.1103,0.8723,2,147,1232.0,-318.0,-25.81
2025H2,Helvetia Global Solutions LTD,965.0,967.0,51.09,2144.4444444444443,0.0879,0.8966,3,143,914.0,51.0,5.58
2024H2,Highway Insurance Company Limited,505.0,521.0,41.07,765.1515151515151,0.2303,0.6084,1,200,,,
2025H1,Highway Insurance Company Limited,744.0,762.0,41.21,701.8867924528302,0.2139,0.5814,2,165,505.0,239.0,47.33
2025H2,Highway Insurance Company Limited,611.0,613.0,47.31,710.4651162790698,0.2561,0.571,3,185,744.0,-133.0,-17.88
2024H1,Hiscox Insurance Company Limited,630.0,586.0,49.66,533.8983050847457,0.1126,0.872,0,181,,,
2024H2,Hiscox Insurance Company Limited,510.0,529.0,51.98,548.3870967741935,0.0662,0.913,1,199,630.0,-120.0,-19.05
2025H1,Hiscox Insurance Company Limited,510.0,517.0,55.13,554.3478260869565,0.1006,0.8491,2,203,510.0,0.0,0.0
2024H1,Home Retail Group Card Services Limited,4398.0,4006.0,24.26,3012.328767123288,0.2863,0.7089,0,63,,,
2024H2,Home Retail Group Card Services Limited,3944.0,4548.0,26.25,3010.687022900763,0.3076,0.6803,1,66,4398.0,-454.0,-10.32
2025H1,Home Retail Group Card Services Limited,4438.0,4359.0,30.08,2978.523489932886,0.39,0.6011,2,63,3944.0,494.0,12.53
2025H2,Home Retail Group Card Services Limited,3824.0,3888.0,34.85,3011.023622047244,0.3629,0.6314,3,67,4438.0,-614.0,-13.84
2024H1,Homeserve Membership Limited,2864.0,2744.0,33.27,,0.1778,0.8083,0,86,,,
2024H2,Homeserve Membership Limited,2489.0,2655.0,28.21,,0.2685,0.7243,1,87,2864.0,-375.0,-13.09
2025H1,Homeserve Membership Limited,2971.0,3072.0,24.8,,0.3314,0.6605,2,82,2489.0,482.0,19.37
2025H2,Homeserve Membership Limited,2358.0,2317.0,25.72,,0.8097,0.1847,3,95,2971.0,-613.0,-20.63
2024H1,Hood Travel Limited,566.0,478.0,50.63,583.5051546391753,0.5439,0.4519,0,191,,,
2024H2,Hood Travel Limited,681.0,745.0,22.28,642.4528301886792,0.4564,0.5235,1,168,566.0,115.0,20.32
2025H1,Hood Travel Limited,740.0,637.0,29.51,164.81069042316258,0.4788,0.4914,2,166,681.0,59.0,8.66
2025H2,Hood Travel Limited,711.0,814.0,17.2,392.81767955801104,0.3808,0.6081,3,171,740.0,-29.0,-3.92
2024H1,Howserv Limited,2045.0,2045.0,29.68,,0.3423,0.6572,0,102,,,
2024H2,Howserv Limited,2239.0,2239.0,41.13,,0.2751,0.7213,1,94,2045.0,194.0,9.49
2025H1,Howserv Limited,2358.0,2374.0,42.29,1387.0588235294117,0.3521,0.639,2,97,2239.0,119.0,5.31
2025H2,Howserv Limited,3281.0,3281.0,43.68,768.384074941452,0.3191,0.6742,3,75,2358.0,923.0,39.14
2024H1,Hyundai Capital UK Limited,0.0,0.0,,,,,0,229,,,
2024H2,Hyundai Capital UK Limited,0.0,0.0,,,,,1,220,0.0,0.0,
2024H1,I Go 4 Ltd.,1208.0,0.0,31.74,352.1865889212828,,,0,129,,,
2024H2,I Go 4 Ltd.,890.0,984.0,31.91,334.5864661654135,0.4177,0.5793,1,147,1208.0,-318.0,-26.32
2025H1,I Go 4 Ltd.,940.0,921.0,42.02,740.1574803149606,0.2649,0.7188,2,142,890.0,50.0,5.62
2025H2,I Go 4 Ltd.,958.0,946.0,46.83,344.6043165467626,0.5412,0.4556,3,144,940.0,18.0,1.91
2024H1,Ikano Bank Ab (publ),1732.0,1745.0,38.57,374.8917748917749,0.2338,0.6762,0,112,,,
2024H2,Ikano Bank Ab (publ),1357.0,1321.0,34.6,324.64114832535887,0.2491,0.7017,1,120,1732.0,-375.0,-21.65
2025H1,Ikano Bank Ab (publ),1191.0,1362.0,39.43,275.05773672055426,0.243,0.6968,2,130,1357.0,-166.0,-12.23
2025H2,Ikano Bank Ab (publ),879.0,926.0,42.87,249.0084985835694,0.1933,0.7797,3,151,1191.0,-312.0,-26.2
2025H1,Inshur UK LTD,614.0,606.0,14.85,74.78684531059683,0.8053,0.1667,2,188,,,
2024H1,Insurance Factory LTD,3805.0,3848.0,61.43,705.9369202226345,0.3067,0.6871,0,71,,,
2024H2,Insurance Factory LTD,4565.0,4215.0,66.1,427.434456928839,0.3295,0.6593,1,60,3805.0,760.0,19.97
2025H1,Insurance Factory Limited,2708.0,3211.0,67.8,357.2559366754617,0.3806,0.6007,2,90,,,
2025H2,Insurance Factory Limited,1266.0,1292.0,40.25,318.09045226130655,0.5155,0.483,3,122,2708.0,-1442.0,-53.25
2025H1,Intact Insurance UK Limited,8694.0,9144.0,52.4,2822.7272727272725,0.4201,0.529,2,41,,,
2025H2,Intact Insurance UK Limited,5765.0,6049.0,56.46,2868.1592039801,0.3606,0.5561,3,49,8694.0,-2929.0,-33.69
2024H1,Integra Insurance Solutions Limited,535.0,608.0,47.2,411.53846153846155,0.097,0.7878,0,197,,,
2024H1,Inter Partner Assistance Sa,7928.0,0.0,,,,,0,48,,,
2024H2,Inter Partner Assistance Sa,9669.0,8619.0,84.01,,0.3662,0.3135,1,37,7928.0,1741.0,21.96
2025H1,Inter Partner Assistance Sa,8212.0,9685.0,73.73,,0.2482,0.4641,2,44,9669.0,-1457.0,-15.07
2025H2,Inter Partner Assistance Sa,8125.0,7377.0,74.1,5603.448275862069,0.2586,0.7176,3,42,8212.0,-87.0,-1.06
2024H1,Interactive Brokers (u.k.) Limited,673.0,643.0,18.2,317.45283018867923,0.2519,0.7107,0,171,,,
2024H2,Interactive Brokers (u.k.) Limited,617.0,557.0,13.11,378.5276073619632,0.1508,0.8187,1,181,673.0,-56.0,-8.32
2025H1,Interactive Brokers (u.k.) Limited,927.0,862.0,21.0,415.695067264574,0.1218,0.7715,2,143,617.0,310.0,50.24
2025H2,Interactive Brokers (u.k.) Limited,1116.0,1159.0,10.7,481.0344827586207,0.0656,0.8033,3,128,927.0,189.0,20.39
2024H1,Interactive Investor Services Limited,2590.0,2532.0,41.35,455.1845342706503,0.16494999999999999,0.6256999999999999,0,89,,,
2024H2,Interactive Investor Services Limited,2093.0,2249.0,46.41,276.4861294583884,0.1456,0.7386,1,98,2590.0,-497.0,-19.19
2025H1,Interactive Investor Services Limited,2505.0,2574.0,48.26,458.7912087912088,0.1544,0.8179,2,93,2093.0,412.0,19.68
2025H2,Interactive Investor Services Limited,2756.0,2563.0,48.49,542.5196850393701,0.17945,0.78255,3,86,2505.0,251.0,10.02
2024H1,Invesco Fund Managers Limited,650.0,627.0,71.61,193.45238095238096,0.051,0.9155,0,176,,,
2024H2,Invesco Fund Managers Limited,544.0,573.0,61.43,185.03401360544217,0.0192,0.9668,1,190,650.0,-106.0,-16.31
2024H1,Investec Bank PLC,506.0,482.0,58.51,42.736486486486484,0.1785,0.8691,0,204,,,
2024H1,Investment Funds Direct Limited,606.0,771.0,88.03,106.50263620386644,0.06245,0.56325,0,186,,,
2024H1,J D Williams & Company Limited,10.0,9.0,0.0,,0.0,1.0,0,223,,,
2024H2,J D Williams & Company Limited,1.0,1.0,0.0,,0.0,1.0,1,219,10.0,-9.0,-90.0
2024H1,J.p. Morgan Europe Limited,12121.0,12056.0,37.04,6659.89010989011,0.2974,0.7021,0,34,,,
2024H2,J.p. Morgan Europe Limited,12193.0,12516.0,40.32,7301.197604790419,0.3854,0.6143,1,32,12121.0,72.0,0.59
2025H1,J.p. Morgan Europe Limited,10803.0,10763.0,46.6,7885.401459854014,0.3896,0.6096,2,31,12193.0,-1390.0,-11.4
2025H2,J.p. Morgan Europe Limited,8343.0,8472.0,47.54,8601.030927835052,0.3415,0.6576,3,41,10803.0,-2460.0,-22.77
2025H2,J.p. Morgan Personal Investing Limited,1126.0,1126.0,60.66,83.34566987416729,0.2339,0.7589,3,126,,,
2024H1,James Hay Administration Company LTD,734.0,688.0,73.98,51.11420612813371,0.0349,0.9186,0,162,,,
2024H2,James Hay Administration Company LTD,1179.0,807.0,77.2,50.9727626459144,0.0347,0.7807,1,127,734.0,445.0,60.63
2025H1,James Hay Administration Company Limited,950.0,1244.0,81.11,50.69370330843117,0.0619,0.5305,2,141,,,
2025H2,James Hay Administration Company Limited,764.0,732.0,68.31,50.362557679630854,0.0902,0.8046,3,160,950.0,-186.0,-19.58
2024H1,Janus Henderson Fund Management UK Limited,792.0,769.0,38.62,,0.4564,0.5241,0,156,,,
2024H2,Janus Henderson Fund Management UK Limited,541.0,571.0,50.26,,0.3152,0.655,1,191,792.0,-251.0,-31.69
2025H1,Janus Henderson Fund Management UK Limited,569.0,570.0,38.07,212.3134328358209,0.3281,0.6404,2,193,541.0,28.0,5.18
2024H1,Kensington Mortgage Company Limited,1055.0,1030.0,29.81,66.2272441933459,0.3243,0.6612,0,140,,,
2024H2,Kensington Mortgage Company Limited,992.0,1028.0,28.4,64.45743989603639,0.3268,0.6625,1,137,1055.0,-63.0,-5.97
2025H1,Kensington Mortgage Company Limited,919.0,894.0,30.09,63.07481125600549,0.3445,0.6465,2,145,992.0,-73.0,-7.36
2025H2,Kensington Mortgage Company Limited,1029.0,1047.0,29.32,61.43283582089552,0.2779,0.7173,3,138,919.0,110.0,11.97
2024H1,Kroo Bank LTD,1083.0,1099.0,31.48,181.4070351758794,0.0264,0.9636,0,136,,,
2024H2,Kroo Bank LTD,1246.0,1265.0,37.79,188.7878787878788,0.0079,0.9763,1,125,1083.0,163.0,15.05
2025H1,Kroo Bank LTD,893.0,893.0,29.68,,0.0,0.9295,2,151,1246.0,-353.0,-28.33
2025H2,Kroo Bank LTD,820.0,820.0,29.27,,0.0,0.9915,3,154,893.0,-73.0,-8.17
2024H1,Landmark Mortgages Limited,782.0,945.0,47.94,23.75455650060753,0.1365,0.8042,0,157,,,
2024H2,Landmark Mortgages Limited,751.0,715.0,39.02,21.69893094481364,0.2895,0.7007,1,162,782.0,-31.0,-3.96
2025H1,Landmark Mortgages Limited,604.0,633.0,42.02,16.01697162556351,0.2859,0.684,2,190,751.0,-147.0,-19.57
2024H1,Leaseplan UK Limited,3.0,2.0,100.0,,0.5,0.5,0,224,,,
2024H2,Leaseplan UK Limited,20.0,21.0,71.43,,0.2381,0.4762,1,217,3.0,17.0,566.67
2025H2,Leaseplan UK Limited,23.0,21.0,76.19,,0.1429,0.619,3,211,20.0,3.0,15.0
2024H1,Leeds Building Society,3305.0,3344.0,59.72,368.6868686868687,0.5167,0.611425,0,75,,,
2024H2,Leeds Building Society,3326.0,3223.0,59.96,395.23809523809524,0.6379333333333334,0.5211250000000001,1,74,3305.0,21.0,0.64
2025H1,Leeds Building Society,3417.0,3494.0,60.96,454.32756324900134,,0.496,2,76,3326.0,91.0,2.74
2025H2,Leeds Building Society,2645.0,2708.0,67.79,432.8968903436989,0.56595,0.43190000000000006,3,90,3417.0,-772.0,-22.59
2024H1,Legal & General (portfolio Management Services) LTD,571.0,595.0,74.97,391.09589041095893,0.5856,0.41100000000000003,0,189,,,
2024H2,Legal & General (portfolio Management Services) LTD,522.0,540.0,72.71,398.4732824427481,0.51865,0.4776,1,195,571.0,-49.0,-8.58
2024H1,Legal And General Assurance Society Limited,4816.0,4934.0,64.56,2075.862068965517,0.22905,0.38415,0,60,,,
2024H2,Legal And General Assurance Society Limited,4123.0,4479.0,57.0,2383.2369942196533,0.27394999999999997,0.6452,1,63,4816.0,-693.0,-14.39
2025H1,Legal And General Assurance Society Limited,4437.0,4389.0,52.87,2360.1063829787236,0.27915,0.70585,2,64,4123.0,314.0,7.62
2025H2,Legal And General Assurance Society Limited,4414.0,4482.0,51.66,2252.0408163265306,0.29679999999999995,0.6849000000000001,3,61,4437.0,-23.0,-0.52
2024H1,Lenvi Servicing Limited,1380.0,939.0,47.6,,0.2567,0.5176,0,122,,,
2024H2,Lenvi Servicing Limited,813.0,1607.0,41.26,,0.0037,0.3765,1,154,1380.0,-567.0,-41.09
2025H1,Lenvi Servicing Limited,756.0,782.0,83.38,204.32432432432432,0.2404,0.5818,2,162,813.0,-57.0,-7.01
2025H2,Lexham Insurance Consultants Limited,583.0,605.0,32.89,97.00499168053246,0.1686,0.8182,3,188,,,
2025H1,Link Financial Outsourcing Limited,11.0,0.0,,,,,2,216,,,
2025H2,Link Financial Outsourcing Limited,10.0,10.0,,,,1.0,3,217,11.0,-1.0,-9.09
2024H1,Liverpool Victoria Financial Services Limited,2345.0,0.0,71.79,181.0810810810811,,,0,95,,,
2024H2,Liverpool Victoria Financial Services Limited,2044.0,2051.0,70.76,201.3793103448276,0.5454333333333333,0.4053333333333333,1,100,2345.0,-301.0,-12.84
2025H1,Liverpool Victoria Financial Services Limited,2007.0,2052.0,66.34,238.07829181494662,0.5576666666666666,0.4001333333333333,2,106,2044.0,-37.0,-1.81
2025H2,Liverpool Victoria Financial Services Limited,1828.0,1850.0,66.12,236.78756476683938,0.5234666666666666,0.4549,3,107,2007.0,-179.0,-8.92
2024H1,Liverpool Victoria Insurance Company Limited,10678.0,11297.0,48.19,4505.48523206751,0.3543,0.4754,0,39,,,
2024H2,Liverpool Victoria Insurance Company Limited,9279.0,9436.0,50.19,4069.7368421052633,0.3068,0.4921,1,39,10678.0,-1399.0,-13.1
2025H1,Liverpool Victoria Insurance Company Limited,10359.0,10636.0,53.66,4110.714285714285,0.3057,0.5069,2,33,9279.0,1080.0,11.64
2025H2,Liverpool Victoria Insurance Company Limited,12025.0,11028.0,55.86,4189.895470383275,0.3611,0.4816,3,27,10359.0,1666.0,16.08
2024H1,Lloyds Bank General Insurance Limited,6428.0,6348.0,68.07,2453.4351145038167,0.3307,0.6363,0,51,,,
2024H2,Lloyds Bank General Insurance Limited,5611.0,5663.0,66.98,2527.4774774774774,0.2435,0.7134,1,53,6428.0,-817.0,-12.71
2025H1,Lloyds Bank General Insurance Limited,5782.0,5776.0,74.45,2547.136563876652,0.1974,0.7355,2,51,5611.0,171.0,3.05
2025H2,Lloyds Bank General Insurance Limited,5683.0,5680.0,78.24,2618.89400921659,0.2586,0.6688,3,50,5782.0,-99.0,-1.71
2024H1,Lloyds Bank PLC,72949.0,73392.0,63.98,6824.041159962582,0.28656000000000004,0.62428,0,5,,,
2024H2,Lloyds Bank PLC,76760.0,75734.0,66.15,7296.577946768061,0.31920000000000004,0.58954,1,3,72949.0,3811.0,5.22
2025H1,Lloyds Bank PLC,81403.0,80041.0,66.81,7380.145058930191,0.27281999999999995,0.6211800000000001,2,4,76760.0,4643.0,6.05
2025H2,Lloyds Bank PLC,90837.0,85659.0,68.45,8505.337078651686,0.30036,0.5813200000000001,3,2,81403.0,9434.0,11.59
2025H2,London & Country Mortgages Limited,644.0,651.0,63.73,,0.1561,0.83215,3,178,,,
2024H1,London And Country Mortgages LTD,615.0,635.0,65.78,,0.22555,0.77115,0,182,,,
2024H2,London And Country Mortgages LTD,635.0,638.0,65.59,,0.1867,0.8125,1,177,615.0,20.0,3.25
2025H1,London And Country Mortgages LTD,633.0,620.0,67.56,,0.1963,0.8037000000000001,2,186,635.0,-2.0,-0.31
2024H1,M & G Securities Limited,852.0,848.0,52.0,,0.3007,0.6651,0,152,,,
2024H2,M & G Securities Limited,577.0,615.0,60.33,,0.1837,0.787,1,186,852.0,-275.0,-32.28
2025H1,M & G Securities Limited,738.0,734.0,54.77,,0.2929,0.6853,2,167,577.0,161.0,27.9
2025H2,M & G Securities Limited,786.0,781.0,48.4,,0.3355,0.6376,3,156,738.0,48.0,6.5
2024H1,MBNA Limited,10690.0,10695.0,43.68,1686.1198738170347,0.41105,0.58215,0,38,,,
2024H2,MBNA Limited,9081.0,8951.0,53.5,2536.59217877095,0.46314999999999995,0.52705,1,42,10690.0,-1609.0,-15.05
2025H1,MBNA Limited,9495.0,9586.0,53.1,2485.6020942408377,0.6697,0.31695,2,38,9081.0,414.0,4.56
2025H2,MBNA Limited,8796.0,8753.0,53.93,2733.3333333333335,0.3504,0.28195000000000003,3,38,9495.0,-699.0,-7.36
2024H1,Manypets LTD,6653.0,6234.0,73.02,327.25036891293655,0.0175,0.8393,0,50,,,
2024H2,Manypets LTD,4914.0,5843.0,62.09,299.816961561928,0.0332,0.9206,1,56,6653.0,-1739.0,-26.14
2025H1,Manypets LTD,3709.0,3973.0,58.17,290.2190923317684,0.0121,0.6091,2,72,4914.0,-1205.0,-24.52
2025H2,Manypets LTD,3134.0,3383.0,71.98,374.88038277511964,0.0653,0.9146,3,78,3709.0,-575.0,-15.5
2024H1,Marks & Spencer Financial Services PLC,9479.0,9135.0,67.65,2731.7002881844383,0.5744499999999999,0.4143,0,42,,,
2024H2,Marks & Spencer Financial Services PLC,8338.0,8008.0,64.32,2733.7704918032787,0.5845499999999999,0.4094,1,45,9479.0,-1141.0,-12.04
2025H1,Marks & Spencer Financial Services PLC,7197.0,7321.0,67.32,2481.7241379310344,0.6804,0.3185,2,47,8338.0,-1141.0,-13.68
2025H2,Marks And Spencer Financial Services PLC,5264.0,5334.0,68.39,2459.8130841121497,0.7544500000000001,0.24480000000000002,3,53,,,
2024H1,Marshmallow Financial Services LTD,2918.0,2049.0,33.33,,0.0254,0.7975,0,85,,,
2024H2,Marshmallow Financial Services LTD,4843.0,4866.0,45.42,,0.0401,0.917,1,58,2918.0,1925.0,65.97
2025H1,Marshmallow Financial Services LTD,5700.0,5656.0,43.03,269.3761814744802,0.2329,0.6855,2,53,4843.0,857.0,17.7
2025H2,Marshmallow Financial Services LTD,4208.0,4462.0,56.77,240.31981724728723,0.1629,0.7768,3,64,5700.0,-1492.0,-26.18
2024H1,Metlife Europe D.a.c.,501.0,468.0,31.84,424.5762711864407,0.1859,0.703,0,206,,,
2024H2,Metlife Europe D.a.c.,750.0,728.0,55.91,438.5964912280702,0.1113,0.7816,1,163,501.0,249.0,49.7
2025H1,Metlife Europe D.a.c.,808.0,743.0,54.37,453.9325842696629,0.1036,0.7887,2,155,750.0,58.0,7.73
2025H2,Metlife Europe D.a.c.,1126.0,1064.0,56.95,473.10924369747903,0.0705,0.765,3,126,808.0,318.0,39.36
2024H1,Metro Bank PLC,9246.0,9553.0,46.27,775.6711409395973,0.2925,0.68205,0,43,,,
2024H2,Metro Bank PLC,8916.0,8512.0,43.86,771.280276816609,0.3131,0.66855,1,43,9246.0,-330.0,-3.57
2025H1,Metro Bank PLC,9674.0,10007.0,45.57,680.3094233473981,0.35719999999999996,0.63925,2,36,8916.0,758.0,8.5
2025H2,Metro Bank PLC,11244.0,11381.0,51.11,988.9182058047493,0.4213,0.5743,3,30,9674.0,1570.0,16.23
2025H1,Millennium Insurance Company Limited,759.0,714.0,35.15,834.065934065934,0.4566,0.535,2,161,,,
2025H2,Millennium Insurance Company Limited,542.0,551.0,50.45,553.0612244897959,0.265,0.7114,3,196,759.0,-217.0,-28.59
2024H1,Monzo Bank LTD,42089.0,39802.0,33.0,10166.425120772949,0.0187,0.9192,0,13,,,
2024H2,Monzo Bank LTD,50752.0,56226.0,32.31,10421.35523613963,0.3746666666666667,0.8179000000000001,1,11,42089.0,8663.0,20.58
2025H1,Monzo Bank LTD,35092.0,37635.0,30.1,9021.079691516708,0.18766666666666665,0.7221666666666667,2,13,50752.0,-15660.0,-30.86
2025H2,Monzo Bank LTD,49570.0,45552.0,30.03,14486.54970760234,0.08320000000000001,0.77525,3,11,35092.0,14478.0,41.26
2024H1,Moorcroft Debt Recovery Limited,551.0,453.0,49.45,787.1428571428572,0.2053,0.7947,0,193,,,
2024H2,Moorcroft Debt Recovery Limited,578.0,482.0,46.06,814.0845070422536,0.2054,0.7946,1,185,551.0,27.0,4.9
2025H1,Moorcroft Debt Recovery Limited,468.0,421.0,38.48,,0.1829,0.8171,2,204,578.0,-110.0,-19.03
2024H1,Motonovo Finance Limited,41.0,39.0,30.77,,0.2308,0.7179,0,216,,,
2024H2,Motonovo Finance Limited,24.0,27.0,18.52,,0.0,0.7778,1,216,41.0,-17.0,-41.46
2025H1,Motonovo Finance Limited,22.0,23.0,26.09,,0.0,0.8696,2,213,24.0,-2.0,-8.33
2025H2,Motonovo Finance Limited,18.0,18.0,0.0,,0.0556,0.8333,3,212,22.0,-4.0,-18.18
2024H1,Munich Re Digital Partners LTD,1000.0,1159.0,44.87,,0.4193,0.5695,0,142,,,
2024H2,Munich Re Digital Partners Limited,1289.0,1210.0,43.31,,0.3512,0.6446,1,124,,,
2025H1,Munich Re Digital Partners Limited,3850.0,3482.0,13.5,,0.593,0.4009,2,70,1289.0,2561.0,198.68
2025H2,Munich Re Digital Partners Limited,5012.0,5303.0,10.82,93.61225252147926,0.6528,0.3138,3,55,3850.0,1162.0,30.18
2024H2,National House-building Council,570.0,569.0,63.09,1461.5384615384614,0.0211,0.9684,1,187,,,
2025H1,National House-building Council,698.0,686.0,52.62,1454.1666666666667,0.0204,0.9738,2,176,570.0,128.0,22.46
2025H2,National House-building Council,745.0,772.0,43.91,1460.7843137254902,0.0427,0.9573,3,164,698.0,47.0,6.73
2024H1,National Westminster Bank PLC,87800.0,91188.0,65.68,6330.209084354722,0.1636,0.61932,0,2,,,
2024H2,National Westminster Bank Public Limited Company,88461.0,87132.0,62.97,6014.7719537100065,0.2702,0.5084,1,2,,,
2025H1,National Westminster Bank Public Limited Company,94120.0,91085.0,60.26,7392.845911949686,0.26128,0.55496,2,2,88461.0,5659.0,6.4
2025H2,National Westminster Bank Public Limited Company,97511.0,91185.0,57.22,7489.162182936203,0.23902,0.54784,3,1,94120.0,3391.0,3.6
2024H1,Nationwide Building Society,61778.0,60615.0,52.41,11868.40077071291,0.2843,0.67892,0,8,,,
2024H2,Nationwide Building Society,63363.0,62585.0,52.88,13381.35593220339,0.3367,0.6555,1,8,61778.0,1585.0,2.57
2025H1,Nationwide Building Society,65786.0,65047.0,51.11,13949.361702127662,0.34722,0.6496,2,7,63363.0,2423.0,3.82
2025H2,Nationwide Building Society,69388.0,70818.0,52.38,13361.003861003861,0.32066,0.67366,3,6,65786.0,3602.0,5.48
2024H1,Newcastle Building Society,543.0,546.0,55.42,6.917021551167892,0.5527000000000001,0.44730000000000003,0,194,,,
2024H2,Newcastle Building Society,804.0,803.0,59.07,9.996194342255485,0.53345,0.451375,1,156,543.0,261.0,48.07
2025H1,Newcastle Building Society,707.0,680.0,61.84,107.66871165644173,0.386775,0.613225,2,174,804.0,-97.0,-12.06
2025H2,Newcastle Building Society,713.0,697.0,53.87,103.66568914956012,0.7632333333333333,0.23676666666666665,3,170,707.0,6.0,0.85
2024H1,Northern Bank Limited,1687.0,1600.0,38.95,413.5135135135135,0.2698666666666667,0.7299000000000001,0,114,,,
2024H2,Northern Bank Limited,1536.0,1579.0,38.32,431.17977528089887,0.18723333333333333,0.8127666666666666,1,114,1687.0,-151.0,-8.95
2025H1,Northern Bank Limited,1459.0,1449.0,36.47,395.12195121951214,0.19316666666666668,0.8066,2,121,1536.0,-77.0,-5.01
2025H2,Northern Bank Limited,1446.0,1455.0,36.42,391.869918699187,0.29974999999999996,0.70025,3,118,1459.0,-13.0,-0.89
2024H1,Nutmeg Saving And Investment Limited,659.0,659.0,66.62,63.794772507260404,0.16060000000000002,0.8394,0,174,,,
2024H2,Nutmeg Saving And Investment Limited,772.0,763.0,66.68,83.54978354978354,0.13635,0.859,1,158,659.0,113.0,17.15
2025H1,Nutmeg Saving And Investment Limited,1119.0,1119.0,58.98,85.03039513677811,0.13855,0.85465,2,133,772.0,347.0,44.95
2025H2,Octopus Money Unit Trust Managers Limited,622.0,652.0,83.29,74.66986794717887,0.14315,0.8556,3,183,,,
2024H1,One Call Insurance Services Limited,3202.0,3199.0,14.94,2603.2520325203254,0.7956,0.2035,0,80,,,
2024H2,One Call Insurance Services Limited,3113.0,3061.0,15.09,1852.9761904761906,0.7393,0.2565,1,77,3202.0,-89.0,-2.78
2025H1,One Call Insurance Services Limited,3098.0,3056.0,15.74,1421.1009174311926,0.6695,0.3285,2,79,3113.0,-15.0,-0.48
2025H2,One Call Insurance Services Limited,2980.0,2960.0,20.2,1752.9411764705883,0.6757,0.323,3,79,3098.0,-118.0,-3.81
2025H2,One Sure Insurance Limited,770.0,765.0,29.02,84.5225027442371,0.8614,0.1386,3,158,,,
2024H1,Onesavings Bank PLC,2397.0,2493.0,56.03,116.81286549707603,0.4083,0.5271,0,93,,,
2024H2,Onesavings Bank PLC,2977.0,2779.0,50.81,126.62696724797958,0.31184999999999996,0.6685,1,82,2397.0,580.0,24.2
2025H1,Onesavings Bank PLC,2737.0,2876.0,52.76,140.5030800821355,0.2592,0.6285000000000001,2,89,2977.0,-240.0,-8.06
2025H2,Onesavings Bank PLC,2292.0,2564.0,60.09,119.43720687858259,0.21865,0.7364999999999999,3,96,2737.0,-445.0,-16.26
2025H1,Ovo Home Services LTD,2067.0,2269.0,73.73,243.1764705882353,0.1027,0.8854,2,102,,,
2025H2,Ovo Home Services LTD,1953.0,1573.0,75.59,235.30120481927707,0.0668,0.9154,3,103,2067.0,-114.0,-5.52
2024H1,Paragon Bank PLC,1039.0,1152.0,64.53,208.23293172690762,0.2463,0.7263999999999999,0,141,,,
2024H2,Paragon Bank PLC,1095.0,1117.0,65.62,207.79467680608366,0.41546666666666665,0.5759666666666666,1,132,1039.0,56.0,5.39
2025H1,Paragon Bank PLC,880.0,930.0,52.17,195.5456570155902,0.20896666666666666,0.7613666666666666,2,153,1095.0,-215.0,-19.63
2025H2,Paragon Bank PLC,1003.0,1023.0,53.65,212.28813559322032,0.26439999999999997,0.70565,3,140,880.0,123.0,13.98
2024H1,Pendragon Finance And Insurance Services Limited,34.0,34.0,23.53,,0.2941,0.7059,0,218,,,
2024H1,People's Administration Services Limited,4246.0,4246.0,11.33,8165.384615384615,0.4407,0.5483,0,65,,,
2024H2,People's Administration Services Limited,3611.0,3611.0,36.69,7222.0,0.4248,0.5467,1,70,4246.0,-635.0,-14.96
2025H1,People's Administration Services Limited,6548.0,6548.0,53.12,7440.909090909091,0.0301,0.9411,2,49,3611.0,2937.0,81.33
2025H2,People's Administration Services Limited,2731.0,2731.0,50.02,7586.111111111111,0.138,0.8268,3,87,6548.0,-3817.0,-58.29
2024H1,Pepper (uk) Limited,763.0,776.0,48.84,25.952380952380953,0.2075,0.7796,0,158,,,
2024H2,Pepper (uk) Limited,621.0,683.0,44.36,23.711340206185564,0.1859,0.8023,1,180,763.0,-142.0,-18.61
2025H1,Pepper (uk) Limited,680.0,621.0,42.83,21.76,0.1723,0.8196,2,179,621.0,59.0,9.5
2025H2,Pepper (uk) Limited,723.0,718.0,42.34,22.10333231427698,0.1713,0.8078,3,169,680.0,43.0,6.32
2024H2,Phoenix Life Ca Limited,1042.0,1045.0,56.21,51.02840352595494,0.18916666666666668,0.806,1,135,,,
2025H1,Phoenix Life Ca Limited,1094.0,969.0,59.36,61.18568232662193,0.17436666666666667,0.7965333333333332,2,135,1042.0,52.0,4.99
2025H2,Phoenix Life Ca Limited,892.0,922.0,59.57,65.2046783625731,0.20120000000000002,0.6066333333333334,3,150,1094.0,-202.0,-18.46
2024H1,Phoenix Life Limited,13974.0,12996.0,70.11,761.5258855585832,0.277225,0.563325,0,31,,,
2024H2,Phoenix Life Limited,14030.0,13962.0,71.12,374.332977588047,0.28417499999999996,0.563025,1,28,13974.0,56.0,0.4
2025H1,Phoenix Life Limited,16175.0,16056.0,75.52,343.27249575551787,0.33305,0.5618,2,25,14030.0,2145.0,15.29
2025H2,Phoenix Life Limited,17086.0,16582.0,77.66,289.5441450601593,0.2339,0.6951,3,24,16175.0,911.0,5.63
2024H2,Pinnacle Insurance Limited,2410.0,2388.0,27.89,521.6450216450216,0.4171,0.5796,1,90,,,
2025H1,Pinnacle Insurance Limited,2817.0,2901.0,29.51,731.6883116883117,0.5653,0.4333,2,86,2410.0,407.0,16.89
2025H2,Pinnacle Insurance Limited,3405.0,3241.0,38.07,989.8255813953489,0.681,0.3187,3,73,2817.0,588.0,20.87
2024H1,Pinnacle Insurance PLC,2528.0,2533.0,22.23,523.3954451345755,0.4054,0.5914,0,91,,,
2024H2,Post Office Management Services Limited,617.0,479.0,44.47,979.3650793650794,0.2004,0.7996,1,181,,,
2024H1,Prestige Underwriting Services LTD,507.0,528.0,55.87,,0.1534,0.8447,0,203,,,
2024H1,Principality Building Society,1237.0,1292.0,57.32,202.96052631578948,0.239825,0.75405,0,128,,,
2024H2,Principality Building Society,1328.0,1270.0,57.54,229.28942807625648,0.3941333333333334,0.6035,1,122,1237.0,91.0,7.36
2025H1,Principality Building Society,1192.0,1231.0,54.72,240.89068825910934,0.4809333333333334,0.5096333333333333,2,129,1328.0,-136.0,-10.24
2025H2,Principality Building Society,1059.0,1092.0,54.4,221.59329140461213,0.6661666666666667,0.3282,3,134,1192.0,-133.0,-11.16
2024H1,Qbe UK Limited,944.0,918.0,48.91,,0.2102,0.6503,0,148,,,
2024H2,Qbe UK Limited,893.0,884.0,43.67,,0.1335,0.7364,1,145,944.0,-51.0,-5.4
2025H1,Qbe UK Limited,976.0,941.0,39.96,197.97160243407708,0.1594,0.6897,2,139,893.0,83.0,9.29
2025H2,Qbe UK Limited,910.0,847.0,40.61,192.3890063424947,0.0472,0.7367,3,147,976.0,-66.0,-6.76
2024H1,Qmetric Group Limited,3280.0,3038.0,30.15,,0.1814,0.7699,0,76,,,
2024H2,Qmetric Group Limited,3112.0,3028.0,33.95,,0.2513,0.7067,1,78,3280.0,-168.0,-5.12
2025H1,Qmetric Group Limited,4122.0,3613.0,44.53,,0.2928,0.669,2,67,3112.0,1010.0,32.46
2025H2,Qmetric Group Limited,3696.0,3413.0,36.8,,0.2699,0.7263,3,70,4122.0,-426.0,-10.33
2024H2,Quilter Financial Services Limited,680.0,554.0,33.64,,0.0,1.0,1,169,,,
2025H1,Quilter Financial Services Limited,965.0,1000.0,30.35,,0.0,0.9989,2,140,680.0,285.0,41.91
2025H2,Quilter Financial Services Limited,580.0,639.0,41.89,,0.0,1.0,3,190,965.0,-385.0,-39.9
2024H1,Quilter Investment Platform Limited,610.0,680.0,76.32,338.88888888888886,0.0059,0.9926,0,183,,,
2025H2,Quilter Investment Platform Limited,516.0,498.0,69.08,373.9130434782609,0.006,0.994,3,199,610.0,-94.0,-15.41
2024H1,Quilter Life & Pensions Limited,799.0,865.0,76.45,129.07915993537964,0.0021,0.9972,0,155,,,
2024H2,Quilter Life & Pensions Limited,633.0,736.0,66.71,154.7677261613692,0.02355,0.97565,1,178,799.0,-166.0,-20.78
2025H1,Quilter Life & Pensions Limited,709.0,608.0,68.32,145.28688524590163,0.0106,0.9894000000000001,2,172,633.0,76.0,12.01
2025H2,Quilter Life & Pensions Limited,1076.0,1008.0,68.22,150.9116409537167,0.0108,0.9864999999999999,3,131,709.0,367.0,51.76
2024H1,RBS Collective Investment Funds Limited,1430.0,1398.0,36.91,647.0588235294118,0.5107,0.4807,0,121,,,
2024H2,RBS Collective Investment Funds Limited,1465.0,1491.0,36.08,,0.3883,0.5956,1,115,1430.0,35.0,2.45
2025H1,RBS Collective Investment Funds Limited,2028.0,2006.0,24.08,582.7586206896552,0.4711,0.515,2,104,1465.0,563.0,38.43
2025H2,RBS Collective Investment Funds Limited,1342.0,1434.0,23.99,524.21875,0.4881,0.4916,3,120,2028.0,-686.0,-33.83
2025H1,Rac Financial Services Limited,8793.0,8756.0,30.07,11724.0,0.5614,0.4357,2,40,,,
2025H2,Rac Financial Services Limited,9491.0,9410.0,26.43,12325.974025974027,0.608,0.3894,3,36,8793.0,698.0,7.94
2024H1,Rac Motoring Services,9218.0,10413.0,32.26,11971.42857142857,0.1489,0.836,0,45,,,
2024H2,Rac Motoring Services,9193.0,9712.0,29.0,11938.961038961039,0.4614,0.5356,1,41,9218.0,-25.0,-0.27
2024H1,Reassure Life Limited,979.0,935.0,89.7,40.122950819672134,0.32156666666666667,0.6277666666666667,0,145,,,
2024H2,Reassure Life Limited,758.0,836.0,90.32,37.69269020387867,0.36483333333333334,0.5704,1,159,979.0,-221.0,-22.57
2025H1,Reassure Life Limited,669.0,679.0,88.67,37.753950338600454,0.32949999999999996,0.5665333333333332,2,181,758.0,-89.0,-11.74
2025H2,Reassure Life Limited,663.0,625.0,86.48,34.42367601246106,0.3282,0.5908,3,175,669.0,-6.0,-0.9
2024H1,Reassure Limited,5006.0,4608.0,78.49,514.4912641315519,0.33190000000000003,0.6405,0,58,,,
2024H2,Reassure Limited,4807.0,5076.0,84.4,582.6666666666666,0.3542,0.5530666666666667,1,59,5006.0,-199.0,-3.98
2025H1,Reassure Limited,4747.0,4689.0,83.79,382.2061191626409,0.29745,0.628525,2,59,4807.0,-60.0,-1.25
2025H2,Reassure Limited,4463.0,4263.0,79.64,529.4187425860024,0.4026666666666667,0.4650666666666667,3,59,4747.0,-284.0,-5.98
2024H1,Reassured LTD,607.0,616.0,44.97,,0.5812,0.4172,0,185,,,
2024H2,Reassured LTD,579.0,576.0,44.44,,0.6597,0.3368,1,184,607.0,-28.0,-4.61
2025H1,Reassured LTD,556.0,558.0,43.91,,0.629,0.371,2,195,579.0,-23.0,-3.97
2025H2,Reassured Limited,604.0,608.0,41.78,,0.648,0.3438,3,187,,,
2024H1,Rock Insurance Services Limited,818.0,790.0,43.29,629.2307692307692,0.3304,0.6671,0,154,,,
2024H2,Rothesay Life PLC,676.0,684.0,33.63,577.7777777777778,0.0819,0.9181,1,170,,,
2025H1,Rothesay Life PLC,725.0,726.0,30.44,525.3623188405797,0.1749,0.8251,2,169,676.0,49.0,7.25
2025H2,Rothesay Life PLC,553.0,569.0,24.96,516.822429906542,0.2004,0.7979,3,192,725.0,-172.0,-23.72
2024H1,Royal & Sun Alliance Insurance Limited,15116.0,17052.0,57.65,5836.293436293437,0.4382,0.3599,0,30,,,
2024H2,Royal & Sun Alliance Insurance Limited,11992.0,12505.0,51.7,4360.727272727273,0.4395,0.5065,1,33,15116.0,-3124.0,-20.67
2025H2,"Royal London Mutual Insurance Society, Limited (the)",8414.0,8705.0,62.99,3261.240310077519,0.28596666666666665,0.6488666666666667,3,40,,,
2024H1,Sabre Insurance Company Limited,681.0,695.0,48.63,,0.5655,0.4201,0,170,,,
2024H2,Sabre Insurance Company Limited,675.0,686.0,41.69,,0.6953,0.3017,1,171,681.0,-6.0,-0.88
2025H1,Sabre Insurance Company Limited,590.0,588.0,38.27,247.89915966386556,0.6905,0.3044,2,191,675.0,-85.0,-12.59
2025H2,Sabre Insurance Company Limited,644.0,631.0,34.23,248.64864864864867,0.5198,0.4802,3,178,590.0,54.0,9.15
2024H1,Saga Services Limited,16349.0,16459.0,46.75,1535.1173708920187,0.8303,0.1654,0,27,,,
2024H2,Saga Services Limited,15359.0,15404.0,48.23,1420.814061054579,0.8432,0.1535,1,27,16349.0,-990.0,-6.06
2025H1,Saga Services Limited,8353.0,8421.0,52.69,1311.302982731554,0.7269,0.2642,2,43,15359.0,-7006.0,-45.61
2025H2,Saga Services Limited,7519.0,7375.0,52.43,1285.2991452991453,0.7413,0.2489,3,44,8353.0,-834.0,-9.98
2024H1,Sainsbury's Bank PLC,4384.0,5309.0,59.21,116.59574468085108,0.1532,0.6927333333333333,0,64,,,
2024H2,Sainsbury's Bank PLC,4013.0,3961.0,53.82,213.0042462845011,0.28223333333333334,0.6960666666666667,1,64,4384.0,-371.0,-8.46
2025H1,Sainsbury's Bank PLC,3668.0,3678.0,48.86,621.6949152542372,0.3053,0.6810499999999999,2,73,4013.0,-345.0,-8.6
2025H2,Sainsbury's Bank PLC,1602.0,1828.0,48.91,554.3252595155709,0.21794999999999998,0.76865,3,111,3668.0,-2066.0,-56.32
2024H1,Santander Consumer (uk) PLC,1.0,0.0,,,,,0,227,,,
2024H1,Santander UK PLC,67816.0,67979.0,50.23,7449.56043956044,0.403,0.47928,0,6,,,
2024H2,Santander UK PLC,64646.0,65296.0,49.12,8168.015170670038,0.35725999999999997,0.5456,1,7,67816.0,-3170.0,-4.67
2025H1,Santander UK PLC,62386.0,60463.0,48.44,7974.296675191817,0.379125,0.562,2,8,64646.0,-2260.0,-3.5
2025H2,Santander UK PLC,64741.0,66963.0,46.31,8818.119891008175,0.35202,0.5727,3,7,62386.0,2355.0,3.77
2024H1,Scottish Equitable PLC,4899.0,6032.0,57.74,741.1497730711045,0.31656666666666666,0.5152333333333333,0,59,,,
2024H2,Scottish Equitable PLC,6951.0,5768.0,63.75,339.0731707317073,0.4365333333333334,0.4881,1,48,4899.0,2052.0,41.89
2025H1,Scottish Equitable PLC,7901.0,6648.0,65.6,304.58750963762526,0.23976666666666668,0.41573333333333334,2,46,6951.0,950.0,13.67
2025H2,Scottish Equitable PLC,5420.0,6471.0,66.26,353.0944625407166,0.0669,0.46416666666666667,3,52,7901.0,-2481.0,-31.4
2024H1,Scottish Friendly Assurance Society Limited,1366.0,1392.0,70.12,182.8647925033467,0.13816666666666666,0.8306666666666667,0,123,,,
2024H2,Scottish Friendly Assurance Society Limited,1120.0,1144.0,68.21,189.5093062605753,0.17573333333333332,0.8083666666666667,1,130,1366.0,-246.0,-18.01
2025H1,Scottish Friendly Assurance Society Limited,1665.0,1625.0,75.16,173.43749999999997,0.12716666666666668,0.8626,2,112,1120.0,545.0,48.66
2025H2,Scottish Friendly Assurance Society Limited,985.0,1068.0,69.09,184.11214953271025,0.10176666666666667,0.8282333333333334,3,141,1665.0,-680.0,-40.84
2024H1,Scottish Widows Administration Services Limited,538.0,632.0,66.62,249.07407407407405,0.02535,0.92235,0,195,,,
2024H1,Scottish Widows Limited,12734.0,12712.0,86.07,986.3671572424477,0.2557333333333333,0.6359666666666667,0,32,,,
2024H2,Scottish Widows Limited,12986.0,12685.0,87.28,873.8896366083446,0.18383333333333332,0.7159666666666666,1,30,12734.0,252.0,1.98
2025H1,Scottish Widows Limited,10846.0,11798.0,87.59,815.4887218045112,0.1603,0.7102666666666666,2,30,12986.0,-2140.0,-16.48
2025H2,Scottish Widows Limited,7762.0,7686.0,83.32,907.8362573099414,0.25433333333333336,0.6809666666666666,3,43,10846.0,-3084.0,-28.43
2024H1,Scottish Widows Unit Trust Managers Limited,631.0,632.0,79.91,330.3664921465969,0.4604,0.5063,0,180,,,
2024H2,Scottish Widows Unit Trust Managers Limited,561.0,529.0,77.5,316.9491525423729,0.3932,0.5747,1,189,631.0,-70.0,-11.09
2025H1,Scottish Widows Unit Trust Managers Limited,536.0,572.0,78.85,304.54545454545456,0.4073,0.5507,2,199,561.0,-25.0,-4.46
2024H1,Secure Trust Bank PLC,323.0,356.0,44.02,,0.03815,0.6907,0,213,,,
2024H2,Secure Trust Bank PLC,359.0,301.0,33.22,,0.1196,0.8704,1,204,323.0,36.0,11.15
2025H1,Secure Trust Bank Public Limited Company,402.0,453.0,41.24,,0.1086,0.8758,2,207,,,
2025H2,Secure Trust Bank Public Limited Company,315.0,290.0,34.48,,0.0793,0.9103,3,204,402.0,-87.0,-21.64
2024H1,Shawbrook Bank Limited,1767.0,2019.0,61.63,113.7797810688989,0.21750000000000003,0.7193499999999999,0,110,,,
2024H2,Shawbrook Bank Limited,1305.0,1338.0,61.44,60.11054813450023,0.29895,0.67055,1,123,1767.0,-462.0,-26.15
2025H1,Shawbrook Bank Limited,1542.0,1470.0,59.42,63.015937883122184,0.30779999999999996,0.6648499999999999,2,118,1305.0,237.0,18.16
2025H2,Shawbrook Bank Limited,1280.0,1345.0,58.61,63.776781265570506,0.2629,0.70655,3,121,1542.0,-262.0,-16.99
2024H1,Shop Direct Finance Company Limited,418.0,451.0,62.75,,0.0044,0.9579,0,208,,,
2024H2,Shop Direct Finance Company Limited,367.0,377.0,64.99,,0.0133,0.9708,1,203,418.0,-51.0,-12.2
2025H1,Shop Direct Finance Company Limited,394.0,356.0,65.45,,0.0056,0.9494,2,208,367.0,27.0,7.36
2025H2,Shop Direct Finance Company Limited,87.0,100.0,31.0,,0.01,0.98,3,209,394.0,-307.0,-77.92
2024H1,Simplyhealth Access,1997.0,1991.0,32.14,2269.318181818182,0.3551,0.6444,0,103,,,
2024H2,Simplyhealth Access,1988.0,1999.0,38.02,2233.7078651685392,0.3087,0.6903,1,103,1997.0,-9.0,-0.45
2025H1,Simplyhealth Access,2222.0,2207.0,31.4,2244.4444444444443,0.2646,0.7322,2,99,1988.0,234.0,11.77
2025H2,Simplyhealth Access,2101.0,2116.0,29.11,2188.541666666667,0.301,0.698,3,99,2222.0,-121.0,-5.45
2024H1,Skipton Building Society,3679.0,3632.0,79.97,557.8525641025641,0.3778,0.62004,0,72,,,
2024H2,Skipton Building Society,3579.0,3330.0,80.65,668.6159844054581,0.27124,0.7235,1,71,3679.0,-100.0,-2.72
2025H1,Skipton Building Society,5026.0,5176.0,79.49,862.8318584070796,0.47765,0.730375,2,57,3579.0,1447.0,40.43
2025H2,Skipton Building Society,4641.0,4724.0,72.85,784.0554592720971,0.30705,0.69005,3,57,5026.0,-385.0,-7.66
2024H1,Society Of Lloyd's,5309.0,5361.0,44.92,8562.90322580645,0.2953,0.681,0,57,,,
2024H2,Society Of Lloyd's,4865.0,5056.0,44.52,7601.5625,0.3301,0.646,1,57,5309.0,-444.0,-8.36
2025H1,Society Of Lloyd's,4972.0,4858.0,43.41,8150.819672131148,0.3361,0.6375,2,58,4865.0,107.0,2.2
2025H2,Society Of Lloyd's,5669.0,5756.0,39.78,8721.538461538461,0.2637,0.7088,3,51,4972.0,697.0,14.02
2024H1,Somerset Bridge Insurance Services Limited,519.0,472.0,46.4,,0.4386,0.5551,0,200,,,
2024H2,Somerset Bridge Insurance Services Limited,784.0,773.0,41.27,,0.5692,0.4282,1,157,519.0,265.0,51.06
2025H1,Somerset Bridge Insurance Services Limited,1403.0,1372.0,36.73,,0.6144,0.3834,2,122,784.0,619.0,78.95
2025H2,Somerset Bridge Insurance Services Limited,1472.0,1472.0,36.89,,0.6943,0.3057,3,117,1403.0,69.0,4.92
2024H1,St James's Place Investment Administration Limited,508.0,509.0,66.4,558.2417582417582,0.0118,0.945,0,202,,,
2024H1,St James's Place UK PLC,1346.0,1189.0,76.42,317.4528301886793,0.0026,0.9197000000000001,0,125,,,
2024H2,St James's Place UK PLC,723.0,940.0,75.83,291.53225806451616,0.08373333333333333,0.7101000000000001,1,166,1346.0,-623.0,-46.29
2025H1,St. James's Place UK PLC,767.0,813.0,68.65,309.274193548387,0.0189,0.7818333333333333,2,160,,,
2025H2,St. James's Place UK PLC,840.0,807.0,62.68,328.125,0.010133333333333334,0.8684,3,153,767.0,73.0,9.52
2024H1,St. James's Place Wealth Management PLC,15375.0,6348.0,45.6,,0.000475,0.0484,0,29,,,
2024H2,St. James's Place Wealth Management PLC,5586.0,11679.0,52.41,,0.0006799999999999999,0.0252,1,54,15375.0,-9789.0,-63.67
2025H1,St. James's Place Wealth Management PLC,5511.0,11520.0,51.74,,0.00066,0.06664,2,54,5586.0,-75.0,-1.34
2025H2,St. James's Place Wealth Management PLC,3725.0,6943.0,44.93,,0.0032600000000000003,0.25566,3,69,5511.0,-1786.0,-32.41
2024H1,Standard Life Savings Limited,665.0,671.0,70.49,373.5955056179775,0.1103,0.8718,0,173,,,
2024H1,Starling Bank Limited,20482.0,19426.0,52.47,4039.842209072978,0.0962,0.8984,0,22,,,
2024H2,Starling Bank Limited,22175.0,21983.0,43.02,4373.7672583826425,0.0743,0.9247,1,21,20482.0,1693.0,8.27
2025H1,Starling Bank Limited,20833.0,21949.0,36.79,4609.070796460177,0.1816,0.8174,2,21,22175.0,-1342.0,-6.05
2025H2,Starling Bank Limited,17323.0,17629.0,40.99,4785.359116022099,0.199,0.7986,3,23,20833.0,-3510.0,-16.85
2024H1,Starr International (europe) Limited,1681.0,1682.0,38.29,326.40776699029124,0.1314,0.865,0,115,,,
2024H2,Starr International (europe) Limited,1448.0,1682.0,38.29,302.92887029288704,0.1314,0.865,1,116,1681.0,-233.0,-13.86
2025H1,Starr International (europe) Limited,1326.0,1297.0,37.55,307.65661252900236,0.0894,0.9021,2,124,1448.0,-122.0,-8.43
2025H2,Starr International (europe) Limited,1075.0,1083.0,44.14,318.0473372781065,0.2327,0.7636,3,132,1326.0,-251.0,-18.93
2024H1,Suffolk Life Pensions Limited,536.0,530.0,73.4,48.63883847549909,0.1868,0.5509,0,196,,,
2024H2,Suffolk Life Pensions Limited,589.0,486.0,75.31,48.08163265306123,0.1276,0.7984,1,183,536.0,53.0,9.89
2024H1,Sun Life Assurance Company Of Canada (u.k.) Limited,1177.0,1227.0,55.58,65.0635710337203,0.1668333333333333,0.8078666666666666,0,131,,,
2024H1,Swift 1st Limited,912.0,879.0,14.79,7.351281637917137,0.504,0.4937,0,149,,,
2024H2,Swift 1st Limited,843.0,872.0,15.83,6.785800531272639,0.4518,0.547,1,150,912.0,-69.0,-7.57
2025H1,Swift 1st Limited,867.0,845.0,11.01,6.316019523566693,0.6095,0.3905,2,154,843.0,24.0,2.85
2025H2,Swift 1st Limited,636.0,642.0,14.8,5.8628318584070795,0.4626,0.5374,3,180,867.0,-231.0,-26.64
2024H1,TSB Bank PLC,25734.0,25856.0,64.22,2532.413793103449,0.6189,0.3511666666666667,0,19,,,
2024H2,TSB Bank PLC,31883.0,30789.0,65.32,3078.3574879227053,0.5376333333333333,0.3988333333333333,1,15,25734.0,6149.0,23.89
2025H1,TSB Bank PLC,29722.0,30741.0,55.54,3071.251292657704,0.5868333333333333,0.34883333333333333,2,16,31883.0,-2161.0,-6.78
2025H2,TSB Bank PLC,33705.0,33430.0,52.38,3422.459349593496,0.6323333333333333,0.3628,3,15,29722.0,3983.0,13.4
2024H2,Tandem Bank Limited,90.0,91.0,59.34,,0.1517,0.8483,1,211,,,
2024H1,Telefonica Seguros Y Reaseguros Compania Aseguradora S.a.u.,3102.0,3110.0,62.93,816.3157894736843,0.1974,0.7859,0,82,,,
2024H2,Telefonica Seguros Y Reaseguros Compania Aseguradora S.a.u.,3845.0,3772.0,65.16,765.9362549800798,0.1408,0.8393,1,68,3102.0,743.0,23.95
2025H1,Telefonica Seguros Y Reaseguros Compania Aseguradora S.a.u.,3103.0,3284.0,57.92,726.6978922716628,0.2506,0.7421,2,78,3845.0,-742.0,-19.3
2025H2,Telefonica Seguros Y Reaseguros Compania Aseguradora S.a.u.,2771.0,2803.0,57.37,669.3236714975845,0.2323,0.7631,3,85,3103.0,-332.0,-10.7
2024H1,Telefonica UK Limited,29.0,16.0,62.5,,0.1875,0.5,0,220,,,
2024H2,Telefonica UK Limited,123.0,152.0,79.61,,0.3355,0.3355,1,210,29.0,94.0,324.14
2025H1,Telefonica UK Limited,416.0,401.0,96.76,,0.5761,0.3815,2,205,123.0,293.0,238.21
2025H2,Telefonica UK Limited,314.0,287.0,81.88,,0.4878,0.4948,3,205,416.0,-102.0,-24.52
2024H2,Tesco Personal Finance Limited,19628.0,19588.0,42.01,2933.931240657698,0.49985,0.49965,1,23,,,
2025H1,Tesco Personal Finance Limited,4180.0,4184.0,36.5,1771.1864406779662,0.4665,0.533,2,65,19628.0,-15448.0,-78.7
2025H2,Tesco Personal Finance Limited,4861.0,4894.0,37.52,1687.8472222222222,0.4563,0.5435,3,56,4180.0,681.0,16.29
2024H1,Tesco Personal Finance PLC,17949.0,18022.0,39.48,2858.1210191082805,0.43545,0.56315,0,26,,,
2024H1,Tesco Underwriting Limited,2740.0,2827.0,55.18,1602.3391812865498,0.2423,0.5094,0,87,,,
2024H2,Tesco Underwriting Limited,2415.0,2777.0,61.07,1688.811188811189,0.2773,0.5063,1,89,2740.0,-325.0,-11.86
2025H1,Tesco Underwriting Limited,2550.0,2462.0,54.18,1795.7746478873241,0.2409,0.6621,2,91,2415.0,135.0,5.59
2025H2,Tesco Underwriting Limited,2672.0,2664.0,49.89,1868.5314685314686,0.2815,0.5893,3,88,2550.0,122.0,4.78
2025H2,The Co-operative Bank P.l.c.,9622.0,9573.0,64.8,918.9111747851002,0.36260000000000003,0.6309666666666667,3,35,,,
2024H1,The Co-operative Bank PLC,16152.0,15075.0,69.12,548.1494057724957,0.22158000000000003,0.46288,0,28,,,
2024H2,The Co-operative Bank PLC,12698.0,13956.0,69.34,633.6495257114328,0.28644,0.46958,1,31,16152.0,-3454.0,-21.38
2025H1,The Co-operative Bank PLC,10542.0,10855.0,66.87,766.6181818181818,0.269175,0.21867499999999998,2,32,12698.0,-2156.0,-16.98
2024H1,The Mortgage Works (uk) PLC,1534.0,1465.0,53.38,286.19402985074623,0.2491,0.7392,0,120,,,
2024H2,The Mortgage Works (uk) PLC,1576.0,1637.0,52.17,288.1170018281536,0.2535,0.7324,1,113,1534.0,42.0,2.74
2025H1,The Mortgage Works (uk) PLC,1463.0,1637.0,52.17,288.560157790927,0.2535,0.7324,2,120,1576.0,-113.0,-7.17
2025H2,The Mortgage Works (uk) PLC,1481.0,1522.0,52.5,285.90733590733595,0.2339,0.7635,3,116,1463.0,18.0,1.23
2024H1,The National Farmers' Union Mutual Insurance Society Limited,6774.0,6900.0,61.85,1307.722007722008,0.15853333333333333,0.8290666666666667,0,49,,,
2024H2,The National Farmers' Union Mutual Insurance Society Limited,5910.0,6070.0,62.98,1304.635761589404,0.13916666666666666,0.8476333333333333,1,50,6774.0,-864.0,-12.75
2025H1,The National Farmers' Union Mutual Insurance Society Limited,5412.0,5470.0,62.53,1134.5911949685533,0.14706666666666665,0.84,2,55,5910.0,-498.0,-8.43
2025H2,The National Farmers' Union Mutual Insurance Society Limited,5076.0,5000.0,62.36,1105.8823529411766,0.13316666666666666,0.8530666666666668,3,54,5412.0,-336.0,-6.21
2024H1,The Prudential Assurance Company Limited,10167.0,9409.0,79.7,875.7105943152455,0.149975,0.803525,0,41,,,
2024H2,The Prudential Assurance Company Limited,11295.0,11016.0,85.97,863.5321100917432,0.05695,0.8649,1,34,10167.0,1128.0,11.09
2025H1,The Prudential Assurance Company Limited,9474.0,8855.0,81.7,751.9047619047619,0.056575,0.760225,2,39,11295.0,-1821.0,-16.12
2025H2,The Prudential Assurance Company Limited,9892.0,10163.0,85.81,784.456780333069,0.136625,0.6547000000000001,3,34,9474.0,418.0,4.41
2024H1,The Royal Bank Of Scotland PLC,20286.0,21004.0,65.52,1175.31865585168,0.1379,0.5119,0,24,,,
2024H2,The Royal Bank Of Scotland PLC,19605.0,19484.0,64.24,1016.4155844155844,0.23974,0.4321,1,24,20286.0,-681.0,-3.36
2025H1,The Royal Bank Of Scotland PLC,20019.0,19390.0,61.38,1222.3716381418094,0.2258,0.52706,2,22,19605.0,414.0,2.11
2025H2,The Royal Bank Of Scotland PLC,19884.0,19433.0,58.55,1199.1545893719808,0.2156,0.43138000000000004,3,19,20019.0,-135.0,-0.67
2024H1,The Royal London Mutual Insurance Society Limited,8462.0,0.0,59.95,3169.2883895131085,,,0,47,,,
2024H2,The Royal London Mutual Insurance Society Limited,6869.0,7301.0,62.62,3255.450236966825,0.31666666666666665,0.6128,1,49,8462.0,-1593.0,-18.83
2025H1,The Royal London Mutual Insurance Society Limited,8437.0,7872.0,62.85,3334.7826086956525,0.3106,0.6377,2,42,6869.0,1568.0,22.83
2024H1,Topaz Finance Limited,2693.0,3222.0,38.02,111.83554817275748,0.1738,0.7874,0,88,,,
2024H2,Topaz Finance Limited,2336.0,2288.0,35.62,102.54609306409131,0.3789,0.6071,1,92,2693.0,-357.0,-13.26
2025H1,Topaz Finance Limited,2301.0,2209.0,34.95,116.03630862329804,0.3997,0.5731,2,98,2336.0,-35.0,-1.5
2025H2,Topaz Finance Limited,3173.0,2978.0,37.41,131.49606299212599,0.2965,0.679,3,76,2301.0,872.0,37.9
2024H1,Tradex Insurance Company PLC,1588.0,1430.0,67.55,1167.6470588235293,0.3601,0.6196,0,118,,,
2024H2,Tradex Insurance Company PLC,2485.0,2561.0,68.61,1702.054794520548,0.4104,0.5623,1,88,1588.0,897.0,56.49
2025H1,Tradex Insurance Company PLC,3465.0,3137.0,65.22,2264.705882352941,0.4772,0.5021,2,75,2485.0,980.0,39.44
2025H2,Tradex Insurance Company PLC,3950.0,3993.0,62.28,1984.9246231155778,0.4343,0.5284,3,66,3465.0,485.0,14.0
2024H2,Trading 212 UK Limited,851.0,810.0,12.44,842.5742574257425,0.00335,0.99585,1,149,,,
2025H1,Trading 212 UK Limited,1624.0,1845.0,17.7,1320.3252032520325,0.53225,0.46775,2,114,851.0,773.0,90.83
2025H2,Trading 212 UK Limited,2204.0,2218.0,10.63,2003.6363636363635,0.255,0.7444500000000001,3,97,1624.0,580.0,35.71
2024H1,Triodos Bank UK Limited,687.0,675.0,33.2,64.62841015992474,0.40769999999999995,0.5923,0,169,,,
2024H2,Triodos Bank UK Limited,631.0,658.0,41.65,89.37677053824362,0.37829999999999997,0.6217,1,179,687.0,-56.0,-8.15
2025H2,True Potential Wealth Management LLP,1042.0,981.0,16.88,,0.014,0.932375,3,137,,,
2024H1,U K Insurance Limited,53474.0,54621.0,70.29,9704.900181488203,0.4844,0.4748,0,10,,,
2024H2,U K Insurance Limited,51800.0,52048.0,69.32,8676.716917922948,0.5029,0.4476,1,10,53474.0,-1674.0,-3.13
2025H1,U K Insurance Limited,42802.0,44506.0,68.66,8359.765625,0.3636,0.5844,2,12,51800.0,-8998.0,-17.37
2025H2,U K Insurance Limited,37282.0,37663.0,67.44,8211.894273127753,0.4741,0.491,3,13,42802.0,-5520.0,-12.9
2024H2,U.s. Bank Europe Dac,1859.0,1867.0,19.18,89.24627940470477,0.2721,0.7193,1,106,,,
2025H1,U.s. Bank Europe Dac,1732.0,1686.0,20.17,85.23622047244095,0.2888,0.704,2,110,1859.0,-127.0,-6.83
2025H2,U.s. Bank Europe Dac,1747.0,1816.0,15.25,78.51685393258427,0.2296,0.7665,3,109,1732.0,15.0,0.87
2024H1,UK Mortgage Lending LTD,656.0,693.0,57.72,48.80952380952381,0.3896,0.6003,0,175,,,
2024H2,UK Mortgage Lending LTD,652.0,670.0,58.06,48.511904761904766,0.3687,0.6209,1,175,656.0,-4.0,-0.61
2025H1,UK Mortgage Lending LTD,705.0,676.0,51.04,53.36866010598031,0.3846,0.5976,2,175,652.0,53.0,8.13
2025H2,UK Mortgage Lending LTD,682.0,643.0,51.63,56.08552631578947,0.3421,0.6439,3,173,705.0,-23.0,-3.26
2025H2,Ubs Ag,548.0,561.0,63.02,12.907835198856873,0.30757500000000004,0.66015,3,193,,,
2024H1,Unum LTD,581.0,466.0,52.79,30.387029288702927,0.0515,0.8133,0,187,,,
2024H2,Usay Business LTD,662.0,623.0,17.17,,0.0064,0.992,1,174,,,
2025H1,Usay Business LTD,666.0,737.0,22.52,,0.0217,0.9769,2,182,662.0,4.0,0.6
2025H2,Usay Business LTD,629.0,607.0,19.44,,0.0824,0.9094,3,182,666.0,-37.0,-5.56
2024H1,Usay Business Limited,688.0,650.0,18.0,,0.0354,0.9615,0,168,,,
2024H1,Utility Warehouse Limited,609.0,578.0,42.21,239.76377952755905,0.6003,0.3997,0,184,,,
2024H2,Utility Warehouse Limited,2693.0,2326.0,21.67,230.17094017094018,0.7489,0.2296,1,85,609.0,2084.0,342.2
2025H1,Utility Warehouse Limited,3996.0,3717.0,25.48,201.00603621730383,0.767,0.1593,2,68,2693.0,1303.0,48.38
2025H2,Utility Warehouse Limited,2188.0,2016.0,31.55,183.4031852472758,0.7951,0.0699,3,98,3996.0,-1808.0,-45.25
2024H1,"Vanguard Asset Management, LTD",2135.0,1975.0,77.0,265.8779576587796,0.07569999999999999,0.21649999999999997,0,100,,,
2024H2,"Vanguard Asset Management, LTD",1741.0,2478.0,67.63,312.5673249551167,0.16015,0.36424999999999996,1,111,2135.0,-394.0,-18.45
2025H1,"Vanguard Asset Management, Ltd.",2452.0,2516.0,62.46,381.93146417445485,0.16065000000000002,0.45815,2,94,,,
2025H2,"Vanguard Asset Management, Ltd.",1644.0,1724.0,54.41,366.96428571428567,0.14175000000000001,0.6762,3,110,2452.0,-808.0,-32.95
2024H1,Vanquis Bank Limited,33775.0,39974.0,15.07,1402.6162790697676,0.0682,0.3487,0,16,,,
2024H2,Vanquis Bank Limited,26951.0,31574.0,19.92,1344.8602794411179,0.1247,0.8043,1,17,33775.0,-6824.0,-20.2
2025H1,Vanquis Bank Limited,22086.0,23062.0,16.54,1353.3088235294117,0.115,0.8484,2,19,26951.0,-4865.0,-18.05
2025H2,Vanquis Bank Limited,18304.0,19927.0,29.94,1413.4362934362935,0.3179,0.6602,3,22,22086.0,-3782.0,-17.12
2024H2,Virgin Money Unit Trust Managers LTD,1866.0,2129.0,91.83,47.969151670951156,0.0018,0.9896,1,105,,,
2025H1,Virgin Money Unit Trust Managers LTD,910.0,1043.0,84.71,77.18405428329093,0.09154999999999999,0.9054,2,149,1866.0,-956.0,-51.23
2024H1,Vitality Corporate Services Limited,9239.0,9285.0,53.93,1753.1309297912715,0.384,0.5468,0,44,,,
2024H2,Vitality Corporate Services Limited,8702.0,9075.0,53.44,,0.4246,0.5247,1,44,9239.0,-537.0,-5.81
2025H1,Vitality Corporate Services Limited,10069.0,9711.0,53.21,,0.4977,0.4469,2,34,8702.0,1367.0,15.71
2025H2,Vitality Corporate Services Limited,10197.0,10580.0,50.77,,0.4549,0.4954,3,33,10069.0,128.0,1.27
2024H1,Vodafone Limited,377.0,377.0,51.19,359.04761904761904,0.7798,0.2202,0,210,,,
2024H2,Vodafone Limited,290.0,294.0,48.64,349.3975903614458,0.6701,0.3299,1,207,377.0,-87.0,-23.08
2025H1,Vodafone Limited,225.0,226.0,50.44,340.9090909090909,0.6681,0.3319,2,209,290.0,-65.0,-22.41
2025H2,Vodafone Limited,252.0,253.0,54.94,336.0,0.6126,0.3874,3,206,225.0,27.0,12.0
2024H1,Volkswagen Financial Services (uk) Limited,3.0,3.0,0.0,,0.0,1.0,0,224,,,
2024H2,Volkswagen Financial Services (uk) Limited,47.0,43.0,0.0,,0.0,0.6744,1,212,3.0,44.0,1466.67
2025H1,Volkswagen Financial Services (uk) Limited,35.0,40.0,0.0,,0.025,0.625,2,212,47.0,-12.0,-25.53
2025H2,Volkswagen Financial Services (uk) Limited,15.0,22.0,0.0,,0.0,0.0455,3,215,35.0,-20.0,-57.14
2024H1,Wesleyan Assurance Society,885.0,890.0,85.94,80.45454545454545,0.3023666666666667,0.6740666666666666,0,151,,,
2024H2,Wesleyan Assurance Society,731.0,660.0,91.66,86.20283018867924,0.40643333333333337,0.5703999999999999,1,165,885.0,-154.0,-17.4
2025H1,Wesleyan Assurance Society,775.0,762.0,89.47,83.33333333333333,0.4243333333333334,0.5540666666666666,2,159,731.0,44.0,6.02
2025H2,Wesleyan Assurance Society,744.0,777.0,90.13,80.17241379310344,0.31806666666666666,0.6478,3,165,775.0,-31.0,-4.0
2025H1,West Bay Insurance PLC,751.0,693.0,66.23,0.018999997976032173,0.3608,0.5887,2,164,,,
2025H2,West Bay Insurance PLC,507.0,547.0,66.73,,0.3144,0.5722,3,201,751.0,-244.0,-32.49
2024H1,Xbridge Limited,1061.0,1040.0,43.46,,0.1904,0.8019,0,139,,,
2024H2,Xbridge Limited,1174.0,1128.0,42.46,,0.1835,0.8085,1,128,1061.0,113.0,10.65
2025H1,Xbridge Limited,1186.0,1216.0,45.97,,0.1563,0.8421,2,131,1174.0,12.0,1.02
2025H2,Xbridge Limited,1240.0,1319.0,39.58,,0.113,0.8772,3,123,1186.0,54.0,4.55
2024H1,Yorkshire Building Society,3259.0,3425.0,70.88,296.26593806921676,0.22077999999999998,0.75616,0,77,,,
2024H2,Yorkshire Building Society,2386.0,2328.0,73.16,261.6228070175439,0.2532666666666667,0.7410666666666667,1,91,3259.0,-873.0,-26.79
2025H1,Yorkshire Building Society,2869.0,2823.0,76.03,290.28340080971657,0.210975,0.782675,2,84,2386.0,483.0,20.24
2025H2,Yorkshire Building Society,2374.0,2424.0,73.71,264.25389755011133,0.3760333333333334,0.713,3,94,2869.0,-495.0,-17.25
2024H1,Zempler Bank Limited,1769.0,1624.0,45.5,552.8125,0.2272,0.7722,0,109,,,
2024H2,Zempler Bank Limited,1805.0,1816.0,46.92,540.4191616766467,0.2329,0.7665,1,109,1769.0,36.0,2.04
2025H1,Zempler Bank Limited,1507.0,1456.0,44.02,516.0958904109589,0.2054,0.7946,2,119,1805.0,-298.0,-16.51
2025H2,Zempler Bank Limited,1519.0,1538.0,42.98,498.0327868852459,0.2627,0.7373,3,114,1507.0,12.0,0.8
2024H1,Zopa Bank Limited,3092.0,2927.0,50.09,690.1785714285713,0.3468,0.6498,0,83,,,
2024H2,Zopa Bank Limited,3286.0,3258.0,45.4,960.8187134502924,0.551,0.4451,1,75,3092.0,194.0,6.27
2025H1,Zopa Bank Limited,4637.0,4251.0,39.99,1142.1182266009853,0.3357,0.6601,2,61,3286.0,1351.0,41.11
2025H2,Zopa Bank Limited,6391.0,6537.0,41.87,990.8527131782947,0.2016,0.79765,3,48,4637.0,1754.0,37.83
2024H1,Zurich Assurance LTD,4165.0,4187.0,47.49,394.6919431279621,0.18964999999999999,0.552925,0,66,,,
2024H2,Zurich Assurance LTD,3698.0,3714.0,43.3,402.3939064200218,0.149675,0.5912,1,69,4165.0,-467.0,-11.21
2025H1,Zurich Assurance LTD,3550.0,3656.0,43.56,384.19913419913416,0.2187,0.7738333333333333,2,74,3698.0,-148.0,-4.0
2025H2,Zurich Assurance LTD,2896.0,2915.0,44.69,385.73333333333335,0.16575,0.8230500000000001,3,82,3550.0,-654.0,-18.42
2024H1,Zurich Insurance Company LTD,3455.0,3473.0,66.63,2303.3333333333335,0.1857,0.7924,0,73,,,
2024H2,Zurich Insurance Company LTD,3112.0,2785.0,62.91,2753.982300884956,0.163,0.7885,1,78,3455.0,-343.0,-9.93
2025H1,Zurich Insurance Company LTD,2848.0,2914.0,55.9,,0.1548,0.7598,2,85,3112.0,-264.0,-8.48
2025H2,Zurich Insurance Company LTD,3407.0,3211.0,59.79,3871.590909090909,0.0909,0.7362,3,72,2848.0,559.0,19.63
