firm_name,total_complaints_all_periods,complaints_2025H2,complaints_2025H1,complaints_2024H2,complaints_2024H1
Barclays Bank UK PLC,388974.0,85996.0,154273.0,68750.0,79955.0
HSBC UK Bank PLC,380491.0,81503.0,91389.0,98421.0,109178.0
Lloyds Bank PLC,321949.0,90837.0,81403.0,76760.0,72949.0
Bank Of Scotland PLC,309983.0,79508.0,77714.0,74404.0,78357.0
National Westminster Bank Public Limited Company,280092.0,97511.0,94120.0,88461.0,0.0
Eui Limited,270684.0,60221.0,70326.0,73418.0,66719.0
Nationwide Building Society,260315.0,69388.0,65786.0,63363.0,61778.0
Santander UK PLC,259589.0,64741.0,62386.0,64646.0,67816.0
British Gas Services Limited,213831.0,49016.0,51725.0,57808.0,55282.0
Domestic & General Insurance PLC,209860.0,56025.0,60444.0,44570.0,48821.0
Aviva Insurance Limited,196482.0,49795.0,48979.0,49190.0,48518.0
U K Insurance Limited,185358.0,37282.0,42802.0,51800.0,53474.0
Monzo Bank LTD,177503.0,49570.0,35092.0,50752.0,42089.0
Clydesdale Bank PLC,137691.0,34185.0,31691.0,37438.0,34377.0
Bupa Insurance Services Limited,123987.0,28091.0,31133.0,31626.0,33137.0
TSB Bank PLC,121044.0,33705.0,29722.0,31883.0,25734.0
Axa Ppp Healthcare Limited,107577.0,19555.0,21855.0,24510.0,41657.0
Capital One (europe) PLC,103932.0,30593.0,24855.0,23665.0,24819.0
Vanquis Bank Limited,101116.0,18304.0,22086.0,26951.0,33775.0
Aviva Life Services UK Limited,99470.0,26131.0,25086.0,23862.0,24391.0
National Westminster Bank PLC,87800.0,0.0,0.0,0.0,87800.0
Axa Insurance UK PLC,81868.0,16052.0,16910.0,20381.0,28525.0
Starling Bank Limited,80813.0,17323.0,20833.0,22175.0,20482.0
The Royal Bank Of Scotland PLC,79794.0,19884.0,20019.0,19605.0,20286.0
Hastings Insurance Services Limited,72119.0,19781.0,18123.0,15998.0,18217.0
Esure Insurance Limited,62213.0,11352.0,14395.0,16080.0,20386.0
Phoenix Life Limited,61265.0,17086.0,16175.0,14030.0,13974.0
Bisl Limited,48881.0,11577.0,12473.0,13571.0,11260.0
Saga Services Limited,47580.0,7519.0,8353.0,15359.0,16349.0
Scottish Widows Limited,44328.0,7762.0,10846.0,12986.0,12734.0
J.p. Morgan Europe Limited,43460.0,8343.0,10803.0,12193.0,12121.0
Liverpool Victoria Insurance Company Limited,42341.0,12025.0,10359.0,9279.0,10678.0
Barclays Bank PLC,41696.0,10416.0,10982.0,9458.0,10840.0
The Prudential Assurance Company Limited,40828.0,9892.0,9474.0,11295.0,10167.0
Atlanta Insurance Intermediaries Limited,40024.0,8517.0,9569.0,9798.0,12140.0
American Express Services Europe Limited,39440.0,14814.0,13353.0,11273.0,0.0
The Co-operative Bank PLC,39392.0,0.0,10542.0,12698.0,16152.0
Metro Bank PLC,39080.0,11244.0,9674.0,8916.0,9246.0
Vitality Corporate Services Limited,38207.0,10197.0,10069.0,8702.0,9239.0
MBNA Limited,38062.0,8796.0,9495.0,9081.0,10690.0
First Central Insurance Management Limited,36754.0,8797.0,8149.0,9224.0,10584.0
Inter Partner Assistance Sa,33934.0,8125.0,8212.0,9669.0,7928.0
Automobile Association Insurance Services Limited,32753.0,6657.0,6366.0,8063.0,11667.0
St. James's Place Wealth Management PLC,30197.0,3725.0,5511.0,5586.0,15375.0
Tesco Personal Finance Limited,28669.0,4861.0,4180.0,19628.0,0.0
Royal & Sun Alliance Insurance Limited,27108.0,0.0,0.0,11992.0,15116.0
Assurant General Insurance Limited,25707.0,6731.0,5778.0,6996.0,6202.0
Scottish Equitable PLC,25171.0,5420.0,7901.0,6951.0,4899.0
Marks & Spencer Financial Services PLC,25014.0,0.0,7197.0,8338.0,9479.0
Hargreaves Lansdown Asset Management Limited,24710.0,7021.0,6639.0,5703.0,5347.0
The Royal London Mutual Insurance Society Limited,23768.0,0.0,8437.0,6869.0,8462.0
Lloyds Bank General Insurance Limited,23504.0,5683.0,5782.0,5611.0,6428.0
The National Farmers' Union Mutual Insurance Society Limited,23172.0,5076.0,5412.0,5910.0,6774.0
Creation Consumer Finance LTD,21840.0,0.0,9886.0,5621.0,6333.0
Society Of Lloyd's,20815.0,5669.0,4972.0,4865.0,5309.0
Ageas Insurance Limited,20624.0,4403.0,5090.0,5058.0,6073.0
Reassure Limited,19023.0,4463.0,4747.0,4807.0,5006.0
Accredited Insurance (europe) LTD,18814.0,4337.0,4649.0,4219.0,5609.0
Rac Motoring Services,18411.0,0.0,0.0,9193.0,9218.0
Manypets LTD,18410.0,3134.0,3709.0,4914.0,6653.0
Rac Financial Services Limited,18284.0,9491.0,8793.0,0.0,0.0
Tesco Personal Finance PLC,17949.0,0.0,0.0,0.0,17949.0
Legal And General Assurance Society Limited,17790.0,4414.0,4437.0,4123.0,4816.0
Marshmallow Financial Services LTD,17669.0,4208.0,5700.0,4843.0,2918.0
Zopa Bank Limited,17406.0,6391.0,4637.0,3286.0,3092.0
Chubb European Group Se,17326.0,4417.0,4134.0,4200.0,4575.0
People's Administration Services Limited,17136.0,2731.0,6548.0,3611.0,4246.0
Skipton Building Society,16925.0,4641.0,5026.0,3579.0,3679.0
Home Retail Group Card Services Limited,16604.0,3824.0,4438.0,3944.0,4398.0
Coventry Building Society,16544.0,4145.0,4466.0,3969.0,3964.0
Fortegra Europe Insurance Company LTD,15394.0,3792.0,3743.0,3858.0,4001.0
Intact Insurance UK Limited,14459.0,5765.0,8694.0,0.0,0.0
Zurich Assurance LTD,14309.0,2896.0,3550.0,3698.0,4165.0
Qmetric Group Limited,14210.0,3696.0,4122.0,3112.0,3280.0
Clearbank Limited,14079.0,3339.0,3961.0,3540.0,3239.0
Sainsbury's Bank PLC,13667.0,1602.0,3668.0,4013.0,4384.0
Ergo Travel Insurance Services LTD,13194.0,4524.0,2738.0,3011.0,2921.0
Bank Of Ireland (uk) PLC,13112.0,2643.0,3213.0,3367.0,3889.0
Zurich Insurance Company LTD,12822.0,3407.0,2848.0,3112.0,3455.0
Telefonica Seguros Y Reaseguros Compania Aseguradora S.a.u.,12821.0,2771.0,3103.0,3845.0,3102.0
Leeds Building Society,12693.0,2645.0,3417.0,3326.0,3305.0
One Call Insurance Services Limited,12393.0,2980.0,3098.0,3113.0,3202.0
Allianz Insurance PLC,12008.0,2908.0,2758.0,2947.0,3395.0
Tradex Insurance Company PLC,11488.0,3950.0,3465.0,2485.0,1588.0
Awp Assistance UK LTD,11264.0,3144.0,2911.0,2716.0,2493.0
Yorkshire Building Society,10888.0,2374.0,2869.0,2386.0,3259.0
Homeserve Membership Limited,10682.0,2358.0,2971.0,2489.0,2864.0
Equiniti Financial Services Limited,10588.0,2875.0,2359.0,2099.0,3255.0
Creation Consumer Finance Limited,10537.0,10537.0,0.0,0.0,0.0
Topaz Finance Limited,10503.0,3173.0,2301.0,2336.0,2693.0
Onesavings Bank PLC,10403.0,2292.0,2737.0,2977.0,2397.0
Tesco Underwriting Limited,10377.0,2672.0,2550.0,2415.0,2740.0
Animal Friends Insurance Services LTD,10171.0,0.0,3055.0,3228.0,3888.0
Munich Re Digital Partners Limited,10151.0,5012.0,3850.0,1289.0,0.0
Interactive Investor Services Limited,9944.0,2756.0,2505.0,2093.0,2590.0
Howserv Limited,9923.0,3281.0,2358.0,2239.0,2045.0
Covea Insurance PLC,9758.0,2497.0,2528.0,2490.0,2243.0
The Co-operative Bank P.l.c.,9622.0,9622.0,0.0,0.0,0.0
Utility Warehouse Limited,9486.0,2188.0,3996.0,2693.0,609.0
American Express Services Europe Limited (aesel),8787.0,0.0,0.0,0.0,8787.0
Astrenska Insurance Limited,8653.0,2862.0,2026.0,1854.0,1911.0
Pinnacle Insurance Limited,8632.0,3405.0,2817.0,2410.0,0.0
"Royal London Mutual Insurance Society, Limited (the)",8414.0,8414.0,0.0,0.0,0.0
Insurance Factory LTD,8370.0,0.0,0.0,4565.0,3805.0
Simplyhealth Access,8308.0,2101.0,2222.0,1988.0,1997.0
Financial Administration Services Limited,8259.0,2028.0,1854.0,2030.0,2347.0
Liverpool Victoria Financial Services Limited,8224.0,1828.0,2007.0,2044.0,2345.0
Axa Insurance Designated Activity Company,8116.0,1817.0,2085.0,2047.0,2167.0
Charter Court Financial Services Limited,7922.0,1834.0,1874.0,2022.0,2192.0
Aioi Nissay Dowa Insurance UK Limited,7874.0,1554.0,1585.0,2193.0,2542.0
Awp P&c S.a.,7736.0,2042.0,1771.0,2225.0,1698.0
Carole Nash Insurance Consultants LTD,7500.0,0.0,0.0,3087.0,4413.0
Adrian Flux Insurance Services Group,7008.0,2518.0,1554.0,1665.0,1271.0
Arag Legal Expenses Insurance Company Limited,6947.0,2976.0,2041.0,1930.0,0.0
Coutts & Company,6887.0,1845.0,1677.0,1776.0,1589.0
Zempler Bank Limited,6600.0,1519.0,1507.0,1805.0,1769.0
Amtrust Specialty Limited,6460.0,1976.0,2170.0,2314.0,0.0
Aldermore Bank PLC,6318.0,1445.0,1633.0,1444.0,1796.0
RBS Collective Investment Funds Limited,6265.0,1342.0,2028.0,1465.0,1430.0
American International Group UK Limited,6156.0,955.0,925.0,1109.0,3167.0
Asurion Europe Limited,6131.0,1566.0,1548.0,1431.0,1586.0
Northern Bank Limited,6128.0,1446.0,1459.0,1536.0,1687.0
The Mortgage Works (uk) PLC,6054.0,1481.0,1463.0,1576.0,1534.0
Shawbrook Bank Limited,5894.0,1280.0,1542.0,1305.0,1767.0
Carole Nash Insurance Consultants Limited,5699.0,2650.0,3049.0,0.0,0.0
Starr International (europe) Limited,5530.0,1075.0,1326.0,1448.0,1681.0
Aviva Health UK Limited,5441.0,1236.0,1262.0,1337.0,1606.0
Avantia Insurance Limited,5423.0,1100.0,1122.0,1437.0,1764.0
U.s. Bank Europe Dac,5338.0,1747.0,1732.0,1859.0,0.0
Marks And Spencer Financial Services PLC,5264.0,5264.0,0.0,0.0,0.0
Ikano Bank Ab (publ),5159.0,879.0,1191.0,1357.0,1732.0
Scottish Friendly Assurance Society Limited,5136.0,985.0,1665.0,1120.0,1366.0
Principality Building Society,4816.0,1059.0,1192.0,1328.0,1237.0
Trading 212 UK Limited,4679.0,2204.0,1624.0,851.0,0.0
Xbridge Limited,4661.0,1240.0,1186.0,1174.0,1061.0
Helvetia Global Solutions LTD,4474.0,965.0,914.0,1232.0,1363.0
Aj Bell Securities Limited,4384.0,1500.0,1233.0,959.0,692.0
Acromas Insurance Company Limited,4286.0,1840.0,2446.0,0.0,0.0
Somerset Bridge Insurance Services Limited,4178.0,1472.0,1403.0,784.0,519.0
Arthur J. Gallagher Insurance Brokers Limited,4159.0,977.0,1053.0,1047.0,1082.0
Family Equity Plan Limited,4139.0,908.0,1194.0,830.0,1207.0
Aj Bell Management Limited,4119.0,1051.0,1350.0,955.0,763.0
"Vanguard Asset Management, Ltd.",4096.0,1644.0,2452.0,0.0,0.0
Kroo Bank LTD,4042.0,820.0,893.0,1246.0,1083.0
Ovo Home Services LTD,4020.0,1953.0,2067.0,0.0,0.0
Paragon Bank PLC,4017.0,1003.0,880.0,1095.0,1039.0
Exeter Friendly Society Limited,4015.0,1050.0,1294.0,1162.0,509.0
I Go 4 Ltd.,3996.0,958.0,940.0,890.0,1208.0
Kensington Mortgage Company Limited,3995.0,1029.0,919.0,992.0,1055.0
Insurance Factory Limited,3974.0,1266.0,2708.0,0.0,0.0
Ageas Retail Limited,3910.0,909.0,912.0,993.0,1096.0
"Vanguard Asset Management, LTD",3876.0,0.0,0.0,1741.0,2135.0
Cofunds Limited,3861.0,772.0,1026.0,992.0,1071.0
Car Care Plan Limited,3783.0,876.0,886.0,1043.0,978.0
Corgi Homeplan LTD,3765.0,0.0,0.0,1809.0,1956.0
Accord Mortgages Limited,3752.0,950.0,918.0,892.0,992.0
Qbe UK Limited,3723.0,910.0,976.0,893.0,944.0
Animal Friends Insurance Services Limited,3482.0,3482.0,0.0,0.0,0.0
Acm Ulr Limited,3471.0,636.0,723.0,865.0,1247.0
Elderbridge Limited,3407.0,758.0,756.0,919.0,974.0
Cynergy Bank PLC,3361.0,701.0,1049.0,907.0,704.0
Interactive Brokers (u.k.) Limited,3333.0,1116.0,927.0,617.0,673.0
Complete Cover Group LTD,3328.0,560.0,905.0,963.0,900.0
Swift 1st Limited,3258.0,636.0,867.0,843.0,912.0
Embark Investment Services Limited,3243.0,759.0,628.0,755.0,1101.0
Quilter Life & Pensions Limited,3217.0,1076.0,709.0,633.0,799.0
Metlife Europe D.a.c.,3185.0,1126.0,808.0,750.0,501.0
Wesleyan Assurance Society,3135.0,744.0,775.0,731.0,885.0
Reassure Life Limited,3069.0,663.0,669.0,758.0,979.0
Phoenix Life Ca Limited,3028.0,892.0,1094.0,1042.0,0.0
M & G Securities Limited,2953.0,786.0,738.0,577.0,852.0
Lenvi Servicing Limited,2949.0,0.0,756.0,813.0,1380.0
Advisory Insurance Brokers Limited,2933.0,651.0,708.0,816.0,758.0
Hbos Investment Fund Managers Limited,2871.0,673.0,734.0,710.0,754.0
Pepper (uk) Limited,2787.0,723.0,680.0,621.0,763.0
Virgin Money Unit Trust Managers LTD,2776.0,0.0,910.0,1866.0,0.0
Newcastle Building Society,2767.0,713.0,707.0,804.0,543.0
Action 365 LTD,2752.0,0.0,789.0,966.0,997.0
Hood Travel Limited,2698.0,711.0,740.0,681.0,566.0
UK Mortgage Lending LTD,2695.0,682.0,705.0,652.0,656.0
Citibank UK Limited,2597.0,0.0,0.0,755.0,1842.0
Sabre Insurance Company Limited,2590.0,644.0,590.0,675.0,681.0
Affinity Insurance Solutions Limited,2590.0,0.0,663.0,806.0,1121.0
Nutmeg Saving And Investment Limited,2550.0,0.0,1119.0,772.0,659.0
Pinnacle Insurance PLC,2528.0,0.0,0.0,0.0,2528.0
Halifax Share Dealing Limited,2495.0,541.0,686.0,562.0,706.0
Forester Life Limited,2370.0,544.0,612.0,502.0,712.0
Acorn Insurance & Financial Services LTD,2261.0,0.0,805.0,823.0,633.0
Connells Limited,2248.0,608.0,543.0,525.0,572.0
Quilter Financial Services Limited,2225.0,580.0,965.0,680.0,0.0
Canada Life Limited,2221.0,546.0,568.0,0.0,1107.0
Elavon Financial Services Designated Activity Company,2221.0,0.0,0.0,0.0,2221.0
Extracover Limited,2194.0,1114.0,0.0,519.0,561.0
Aviva Protection UK Limited,2144.0,760.0,642.0,742.0,0.0
Casualty & General Insurance Company (europe) LTD,2141.0,1027.0,1114.0,0.0,0.0
Landmark Mortgages Limited,2137.0,0.0,604.0,751.0,782.0
Countrywide Assured PLC,2127.0,787.0,676.0,664.0,0.0
St James's Place UK PLC,2069.0,0.0,0.0,723.0,1346.0
Amtrust Europe Limited,2046.0,0.0,0.0,0.0,2046.0
National House-building Council,2013.0,745.0,698.0,570.0,0.0
Usay Business LTD,1957.0,629.0,666.0,662.0,0.0
Rothesay Life PLC,1954.0,553.0,725.0,676.0,0.0
Das Legal Expenses Insurance Company Limited,1947.0,0.0,0.0,0.0,1947.0
James Hay Administration Company LTD,1913.0,0.0,0.0,1179.0,734.0
Janus Henderson Fund Management UK Limited,1902.0,0.0,569.0,541.0,792.0
London And Country Mortgages LTD,1883.0,0.0,633.0,635.0,615.0
Highway Insurance Company Limited,1860.0,611.0,744.0,505.0,0.0
Castelan Limited,1835.0,742.0,552.0,541.0,0.0
Reassured LTD,1742.0,0.0,556.0,579.0,607.0
Scottish Widows Unit Trust Managers Limited,1728.0,0.0,536.0,561.0,631.0
James Hay Administration Company Limited,1714.0,764.0,950.0,0.0,0.0
Hiscox Insurance Company Limited,1650.0,0.0,510.0,510.0,630.0
St. James's Place UK PLC,1607.0,840.0,767.0,0.0,0.0
Moorcroft Debt Recovery Limited,1597.0,0.0,468.0,578.0,551.0
Creation Financial Services Limited,1591.0,0.0,404.0,520.0,667.0
Call Assist LTD,1496.0,0.0,0.0,644.0,852.0
Call Assist Limited,1435.0,724.0,711.0,0.0,0.0
Triodos Bank UK Limited,1318.0,0.0,0.0,631.0,687.0
Millennium Insurance Company Limited,1301.0,542.0,759.0,0.0,0.0
Shop Direct Finance Company Limited,1266.0,87.0,394.0,367.0,418.0
West Bay Insurance PLC,1258.0,507.0,751.0,0.0,0.0
Embark Services Limited,1245.0,730.0,515.0,0.0,0.0
Family Assurance Friendly Society Limited,1222.0,0.0,693.0,529.0,0.0
Close Brothers Limited,1208.0,382.0,163.0,315.0,348.0
Invesco Fund Managers Limited,1194.0,0.0,0.0,544.0,650.0
Sun Life Assurance Company Of Canada (u.k.) Limited,1177.0,0.0,0.0,0.0,1177.0
Ebs Pensions Limited,1176.0,1176.0,0.0,0.0,0.0
Vodafone Limited,1144.0,252.0,225.0,290.0,377.0
J.p. Morgan Personal Investing Limited,1126.0,1126.0,0.0,0.0,0.0
Quilter Investment Platform Limited,1126.0,516.0,0.0,0.0,610.0
Suffolk Life Pensions Limited,1125.0,0.0,0.0,589.0,536.0
Evolution Insurance Company Limited,1122.0,582.0,540.0,0.0,0.0
Legal & General (portfolio Management Services) LTD,1093.0,0.0,0.0,522.0,571.0
Caf Bank Limited,1060.0,1060.0,0.0,0.0,0.0
True Potential Wealth Management LLP,1042.0,1042.0,0.0,0.0,0.0
Munich Re Digital Partners LTD,1000.0,0.0,0.0,0.0,1000.0
Telefonica UK Limited,882.0,314.0,416.0,123.0,29.0
Rock Insurance Services Limited,818.0,0.0,0.0,0.0,818.0
Abrdn Fund Managers Limited,800.0,0.0,800.0,0.0,0.0
One Sure Insurance Limited,770.0,770.0,0.0,0.0,0.0
Acorn Insurance And Financial Services Limited,766.0,766.0,0.0,0.0,0.0
Brightside Insurance Services Limited,723.0,0.0,0.0,0.0,723.0
Secure Trust Bank Public Limited Company,717.0,315.0,402.0,0.0,0.0
Chetwood Financial Limited,693.0,0.0,0.0,339.0,354.0
Usay Business Limited,688.0,0.0,0.0,0.0,688.0
Secure Trust Bank PLC,682.0,0.0,0.0,359.0,323.0
Forsakringsaktiebolaget Agria (publ),674.0,0.0,0.0,674.0,0.0
Standard Life Savings Limited,665.0,0.0,0.0,0.0,665.0
Digital Moneybox Limited,655.0,0.0,655.0,0.0,0.0
Antares Insurance Company Limited,650.0,650.0,0.0,0.0,0.0
London & Country Mortgages Limited,644.0,644.0,0.0,0.0,0.0
Columbia Threadneedle Management Limited,637.0,0.0,0.0,0.0,637.0
Aig Life Limited,633.0,0.0,0.0,0.0,633.0
Octopus Money Unit Trust Managers Limited,622.0,622.0,0.0,0.0,0.0
Post Office Management Services Limited,617.0,0.0,0.0,617.0,0.0
Inshur UK LTD,614.0,0.0,614.0,0.0,0.0
Eversure Limited,612.0,612.0,0.0,0.0,0.0
Investment Funds Direct Limited,606.0,0.0,0.0,0.0,606.0
Reassured Limited,604.0,604.0,0.0,0.0,0.0
Lexham Insurance Consultants Limited,583.0,583.0,0.0,0.0,0.0
Unum LTD,581.0,0.0,0.0,0.0,581.0
Ergo UK Specialty Limited,574.0,0.0,574.0,0.0,0.0
AIB Group (uk) PLC,568.0,0.0,0.0,0.0,568.0
Ubs Ag,548.0,548.0,0.0,0.0,0.0
Scottish Widows Administration Services Limited,538.0,0.0,0.0,0.0,538.0
Integra Insurance Solutions Limited,535.0,0.0,0.0,0.0,535.0
Fish Administration Limited,530.0,0.0,0.0,0.0,530.0
Bspoke Underwriting LTD,526.0,0.0,0.0,0.0,526.0
Fil Life Insurance Limited,517.0,517.0,0.0,0.0,0.0
Autoprotect (mbi) LTD,515.0,0.0,515.0,0.0,0.0
Capital Home Loans Limited,515.0,0.0,0.0,515.0,0.0
HSBC Bank PLC,514.0,0.0,514.0,0.0,0.0
Ascent Performance Group Limited,514.0,514.0,0.0,0.0,0.0
St James's Place Investment Administration Limited,508.0,0.0,0.0,0.0,508.0
Prestige Underwriting Services LTD,507.0,0.0,0.0,0.0,507.0
Investec Bank PLC,506.0,0.0,0.0,0.0,506.0
Compare The Market Limited,505.0,0.0,0.0,0.0,505.0
Etoro (uk) Limited,504.0,504.0,0.0,0.0,0.0
Carfinance247 Limited,503.0,199.0,0.0,158.0,146.0
Devitt Insurance Services LTD,486.0,0.0,0.0,0.0,486.0
Business Insurance Solutions Limited,479.0,0.0,0.0,479.0,0.0
Black Horse Limited,412.0,0.0,0.0,0.0,412.0
Fce Bank PLC,394.0,154.0,0.0,146.0,94.0
Cabot Credit Management Group Limited,132.0,35.0,47.0,26.0,24.0
Firstrand Bank Limited,110.0,16.0,21.0,42.0,31.0
Motonovo Finance Limited,105.0,18.0,22.0,24.0,41.0
Volkswagen Financial Services (uk) Limited,100.0,15.0,35.0,47.0,3.0
Funding Circle LTD,100.0,13.0,15.0,36.0,36.0
Tandem Bank Limited,90.0,0.0,0.0,90.0,0.0
Leaseplan UK Limited,46.0,23.0,0.0,20.0,3.0
Pendragon Finance And Insurance Services Limited,34.0,0.0,0.0,0.0,34.0
Admiral Financial Services Limited,25.0,16.0,9.0,0.0,0.0
Arnold Clark Automobiles Limited,21.0,0.0,0.0,0.0,21.0
Link Financial Outsourcing Limited,21.0,10.0,11.0,0.0,0.0
J D Williams & Company Limited,11.0,0.0,0.0,1.0,10.0
Experian Limited,6.0,1.0,0.0,2.0,3.0
Frasers Group Financial Services Limited,1.0,0.0,0.0,0.0,1.0
Santander Consumer (uk) PLC,1.0,0.0,0.0,0.0,1.0
Carmoola Limited,0.0,0.0,0.0,0.0,0.0
Hyundai Capital UK Limited,0.0,0.0,0.0,0.0,0.0
