firm_name,vol_2024H1,vol_2024H2,vol_2025H1,vol_2025H2,pct_change_2025H2_vs_2025H1,pct_change_yoy
Close Brothers Limited,348.0,315.0,163.0,382.0,134.36,21.27
Shop Direct Finance Company Limited,418.0,367.0,394.0,87.0,-77.92,-76.29
Admiral Financial Services Limited,,,9.0,16.0,77.78,
Ergo Travel Insurance Services LTD,2921.0,3011.0,2738.0,4524.0,65.23,50.25
Adrian Flux Insurance Services Group,1271.0,1665.0,1554.0,2518.0,62.03,51.23
People's Administration Services Limited,4246.0,3611.0,6548.0,2731.0,-58.29,-24.37
Volkswagen Financial Services (uk) Limited,3.0,47.0,35.0,15.0,-57.14,-68.09
Sainsbury's Bank PLC,4384.0,4013.0,3668.0,1602.0,-56.32,-60.08
Insurance Factory Limited,,,2708.0,1266.0,-53.25,
Quilter Life & Pensions Limited,799.0,633.0,709.0,1076.0,51.76,69.98
Arag Legal Expenses Insurance Company Limited,,1930.0,2041.0,2976.0,45.81,54.2
Utility Warehouse Limited,609.0,2693.0,3996.0,2188.0,-45.25,-18.75
Barclays Bank UK PLC,79955.0,68750.0,154273.0,85996.0,-44.26,25.09
Embark Services Limited,,,515.0,730.0,41.75,
Monzo Bank LTD,42089.0,50752.0,35092.0,49570.0,41.26,-2.33
Astrenska Insurance Limited,1911.0,1854.0,2026.0,2862.0,41.26,54.37
Scottish Friendly Assurance Society Limited,1366.0,1120.0,1665.0,985.0,-40.84,-12.05
Quilter Financial Services Limited,,680.0,965.0,580.0,-39.9,-14.71
Metlife Europe D.a.c.,501.0,750.0,808.0,1126.0,39.36,50.13
Howserv Limited,2045.0,2239.0,2358.0,3281.0,39.14,46.54
Complete Cover Group LTD,900.0,963.0,905.0,560.0,-38.12,-41.85
Topaz Finance Limited,2693.0,2336.0,2301.0,3173.0,37.9,35.83
Zopa Bank Limited,3092.0,3286.0,4637.0,6391.0,37.83,94.49
Trading 212 UK Limited,,851.0,1624.0,2204.0,35.71,158.99
Castelan Limited,,541.0,552.0,742.0,34.42,37.15
RBS Collective Investment Funds Limited,1430.0,1465.0,2028.0,1342.0,-33.83,-8.4
Intact Insurance UK Limited,,,8694.0,5765.0,-33.69,
Cynergy Bank PLC,704.0,907.0,1049.0,701.0,-33.17,-22.71
"Vanguard Asset Management, Ltd.",,,2452.0,1644.0,-32.95,
West Bay Insurance PLC,,,751.0,507.0,-32.49,
St. James's Place Wealth Management PLC,15375.0,5586.0,5511.0,3725.0,-32.41,-33.32
Scottish Equitable PLC,4899.0,6951.0,7901.0,5420.0,-31.4,-22.03
Munich Re Digital Partners Limited,,1289.0,3850.0,5012.0,30.18,288.83
Millennium Insurance Company Limited,,,759.0,542.0,-28.59,
Scottish Widows Limited,12734.0,12986.0,10846.0,7762.0,-28.43,-40.23
Swift 1st Limited,912.0,843.0,867.0,636.0,-26.64,-24.56
Ikano Bank Ab (publ),1732.0,1357.0,1191.0,879.0,-26.2,-35.22
Marshmallow Financial Services LTD,2918.0,4843.0,5700.0,4208.0,-26.18,-13.11
Cabot Credit Management Group Limited,24.0,26.0,47.0,35.0,-25.53,34.62
Acromas Insurance Company Limited,,,2446.0,1840.0,-24.78,
Cofunds Limited,1071.0,992.0,1026.0,772.0,-24.76,-22.18
Telefonica UK Limited,29.0,123.0,416.0,314.0,-24.52,155.28
Family Equity Plan Limited,1207.0,830.0,1194.0,908.0,-23.95,9.4
Firstrand Bank Limited,31.0,42.0,21.0,16.0,-23.81,-61.9
Rothesay Life PLC,,676.0,725.0,553.0,-23.72,-18.2
Capital One (europe) PLC,24819.0,23665.0,24855.0,30593.0,23.09,29.28
J.p. Morgan Europe Limited,12121.0,12193.0,10803.0,8343.0,-22.77,-31.58
Leeds Building Society,3305.0,3326.0,3417.0,2645.0,-22.59,-20.48
Aj Bell Management Limited,763.0,955.0,1350.0,1051.0,-22.15,10.05
Equiniti Financial Services Limited,3255.0,2099.0,2359.0,2875.0,21.87,36.97
Aj Bell Securities Limited,692.0,959.0,1233.0,1500.0,21.65,56.41
Secure Trust Bank Public Limited Company,,,402.0,315.0,-21.64,
Esure Insurance Limited,20386.0,16080.0,14395.0,11352.0,-21.14,-29.4
Halifax Share Dealing Limited,706.0,562.0,686.0,541.0,-21.14,-3.74
Pinnacle Insurance Limited,,2410.0,2817.0,3405.0,20.87,41.29
Embark Investment Services Limited,1101.0,755.0,628.0,759.0,20.86,0.53
Homeserve Membership Limited,2864.0,2489.0,2971.0,2358.0,-20.63,-5.26
Interactive Brokers (u.k.) Limited,673.0,617.0,927.0,1116.0,20.39,80.88
Zurich Insurance Company LTD,3455.0,3112.0,2848.0,3407.0,19.63,9.48
James Hay Administration Company Limited,,,950.0,764.0,-19.58,
Starr International (europe) Limited,1681.0,1448.0,1326.0,1075.0,-18.93,-25.76
Exeter Friendly Society Limited,509.0,1162.0,1294.0,1050.0,-18.86,-9.64
Phoenix Life Ca Limited,,1042.0,1094.0,892.0,-18.46,-14.4
Zurich Assurance LTD,4165.0,3698.0,3550.0,2896.0,-18.42,-21.69
Aviva Protection UK Limited,,742.0,642.0,760.0,18.38,2.43
Motonovo Finance Limited,41.0,24.0,22.0,18.0,-18.18,-25.0
Highway Insurance Company Limited,,505.0,744.0,611.0,-17.88,20.99
Bank Of Ireland (uk) PLC,3889.0,3367.0,3213.0,2643.0,-17.74,-21.5
Yorkshire Building Society,3259.0,2386.0,2869.0,2374.0,-17.25,-0.5
Vanquis Bank Limited,33775.0,26951.0,22086.0,18304.0,-17.12,-32.08
Shawbrook Bank Limited,1767.0,1305.0,1542.0,1280.0,-16.99,-1.92
Starling Bank Limited,20482.0,22175.0,20833.0,17323.0,-16.85,-21.88
Assurant General Insurance Limited,6202.0,6996.0,5778.0,6731.0,16.49,-3.79
Countrywide Assured PLC,,664.0,676.0,787.0,16.42,18.52
Tesco Personal Finance Limited,,19628.0,4180.0,4861.0,16.29,-75.23
Onesavings Bank PLC,2397.0,2977.0,2737.0,2292.0,-16.26,-23.01
Metro Bank PLC,9246.0,8916.0,9674.0,11244.0,16.23,26.11
Liverpool Victoria Insurance Company Limited,10678.0,9279.0,10359.0,12025.0,16.08,29.59
Clearbank Limited,3239.0,3540.0,3961.0,3339.0,-15.7,-5.68
Manypets LTD,6653.0,4914.0,3709.0,3134.0,-15.5,-36.22
Awp P&c S.a.,1698.0,2225.0,1771.0,2042.0,15.3,-8.22
Eui Limited,66719.0,73418.0,70326.0,60221.0,-14.37,-17.98
Society Of Lloyd's,5309.0,4865.0,4972.0,5669.0,14.02,16.53
Tradex Insurance Company PLC,1588.0,2485.0,3465.0,3950.0,14.0,58.95
Paragon Bank PLC,1039.0,1095.0,880.0,1003.0,13.98,-8.4
Home Retail Group Card Services Limited,4398.0,3944.0,4438.0,3824.0,-13.84,-3.04
Ageas Insurance Limited,6073.0,5058.0,5090.0,4403.0,-13.5,-12.95
TSB Bank PLC,25734.0,31883.0,29722.0,33705.0,13.4,5.71
Funding Circle LTD,36.0,36.0,15.0,13.0,-13.33,-63.89
Carole Nash Insurance Consultants Limited,,,3049.0,2650.0,-13.09,
U K Insurance Limited,53474.0,51800.0,42802.0,37282.0,-12.9,-28.03
Axa Insurance Designated Activity Company,2167.0,2047.0,2085.0,1817.0,-12.85,-11.24
Acm Ulr Limited,1247.0,865.0,723.0,636.0,-12.03,-26.47
Vodafone Limited,377.0,290.0,225.0,252.0,12.0,-13.1
Connells Limited,572.0,525.0,543.0,608.0,11.97,15.81
Kensington Mortgage Company Limited,1055.0,992.0,919.0,1029.0,11.97,3.73
Lloyds Bank PLC,72949.0,76760.0,81403.0,90837.0,11.59,18.34
Aldermore Bank PLC,1796.0,1444.0,1633.0,1445.0,-11.51,0.07
Principality Building Society,1237.0,1328.0,1192.0,1059.0,-11.16,-20.26
Forester Life Limited,712.0,502.0,612.0,544.0,-11.11,8.37
Atlanta Insurance Intermediaries Limited,12140.0,9798.0,9569.0,8517.0,-10.99,-13.07
American Express Services Europe Limited,,11273.0,13353.0,14814.0,10.94,31.41
HSBC UK Bank PLC,109178.0,98421.0,91389.0,81503.0,-10.82,-17.19
Telefonica Seguros Y Reaseguros Compania Aseguradora S.a.u.,3102.0,3845.0,3103.0,2771.0,-10.7,-27.93
Axa Ppp Healthcare Limited,41657.0,24510.0,21855.0,19555.0,-10.52,-20.22
Qmetric Group Limited,3280.0,3112.0,4122.0,3696.0,-10.33,18.77
Coutts & Company,1589.0,1776.0,1677.0,1845.0,10.02,3.89
Interactive Investor Services Limited,2590.0,2093.0,2505.0,2756.0,10.02,31.68
Saga Services Limited,16349.0,15359.0,8353.0,7519.0,-9.98,-51.04
Bupa Insurance Services Limited,33137.0,31626.0,31133.0,28091.0,-9.77,-11.18
St. James's Place UK PLC,,,767.0,840.0,9.52,
Financial Administration Services Limited,2347.0,2030.0,1854.0,2028.0,9.39,-0.1
Hastings Insurance Services Limited,18217.0,15998.0,18123.0,19781.0,9.15,23.65
Sabre Insurance Company Limited,681.0,675.0,590.0,644.0,9.15,-4.59
Link Financial Outsourcing Limited,,,11.0,10.0,-9.09,
Amtrust Specialty Limited,,2314.0,2170.0,1976.0,-8.94,-14.61
Liverpool Victoria Financial Services Limited,2345.0,2044.0,2007.0,1828.0,-8.92,-10.57
Hbos Investment Fund Managers Limited,754.0,710.0,734.0,673.0,-8.31,-5.21
Kroo Bank LTD,1083.0,1246.0,893.0,820.0,-8.17,-34.19
Advisory Insurance Brokers Limited,758.0,816.0,708.0,651.0,-8.05,-20.22
Awp Assistance UK LTD,2493.0,2716.0,2911.0,3144.0,8.0,15.76
First Central Insurance Management Limited,10584.0,9224.0,8149.0,8797.0,7.95,-4.63
Rac Financial Services Limited,,,8793.0,9491.0,7.94,
Clydesdale Bank PLC,34377.0,37438.0,31691.0,34185.0,7.87,-8.69
Casualty & General Insurance Company (europe) LTD,,,1114.0,1027.0,-7.81,
Evolution Insurance Company Limited,,,540.0,582.0,7.78,
Skipton Building Society,3679.0,3579.0,5026.0,4641.0,-7.66,29.67
MBNA Limited,10690.0,9081.0,9495.0,8796.0,-7.36,-3.14
Domestic & General Insurance PLC,48821.0,44570.0,60444.0,56025.0,-7.31,25.7
Arthur J. Gallagher Insurance Brokers Limited,1082.0,1047.0,1053.0,977.0,-7.22,-6.69
Coventry Building Society,3964.0,3969.0,4466.0,4145.0,-7.19,4.43
Bisl Limited,11260.0,13571.0,12473.0,11577.0,-7.18,-14.69
Chubb European Group Se,4575.0,4200.0,4134.0,4417.0,6.85,5.17
Qbe UK Limited,944.0,893.0,976.0,910.0,-6.76,1.9
National House-building Council,,570.0,698.0,745.0,6.73,30.7
Accredited Insurance (europe) LTD,5609.0,4219.0,4649.0,4337.0,-6.71,2.8
M & G Securities Limited,852.0,577.0,738.0,786.0,6.5,36.22
Pepper (uk) Limited,763.0,621.0,680.0,723.0,6.32,16.43
The National Farmers' Union Mutual Insurance Society Limited,6774.0,5910.0,5412.0,5076.0,-6.21,-14.11
Reassure Limited,5006.0,4807.0,4747.0,4463.0,-5.98,-7.16
Hargreaves Lansdown Asset Management Limited,5347.0,5703.0,6639.0,7021.0,5.75,23.11
Phoenix Life Limited,13974.0,14030.0,16175.0,17086.0,5.63,21.78
Helvetia Global Solutions LTD,1363.0,1232.0,914.0,965.0,5.58,-21.67
Usay Business LTD,,662.0,666.0,629.0,-5.56,-4.98
Ovo Home Services LTD,,,2067.0,1953.0,-5.52,
Nationwide Building Society,61778.0,63363.0,65786.0,69388.0,5.48,9.51
Simplyhealth Access,1997.0,1988.0,2222.0,2101.0,-5.45,5.68
Allianz Insurance PLC,3395.0,2947.0,2758.0,2908.0,5.44,-1.32
British Gas Services Limited,55282.0,57808.0,51725.0,49016.0,-5.24,-15.21
Barclays Bank PLC,10840.0,9458.0,10982.0,10416.0,-5.15,10.13
Axa Insurance UK PLC,28525.0,20381.0,16910.0,16052.0,-5.07,-21.24
Somerset Bridge Insurance Services Limited,519.0,784.0,1403.0,1472.0,4.92,87.76
Tesco Underwriting Limited,2740.0,2415.0,2550.0,2672.0,4.78,10.64
Automobile Association Insurance Services Limited,11667.0,8063.0,6366.0,6657.0,4.57,-17.44
Xbridge Limited,1061.0,1174.0,1186.0,1240.0,4.55,5.62
The Prudential Assurance Company Limited,10167.0,11295.0,9474.0,9892.0,4.41,-12.42
Aviva Life Services UK Limited,24391.0,23862.0,25086.0,26131.0,4.17,9.51
Wesleyan Assurance Society,885.0,731.0,775.0,744.0,-4.0,1.78
Hood Travel Limited,566.0,681.0,740.0,711.0,-3.92,4.41
Canada Life Limited,1107.0,,568.0,546.0,-3.87,
One Call Insurance Services Limited,3202.0,3113.0,3098.0,2980.0,-3.81,-4.27
Santander UK PLC,67816.0,64646.0,62386.0,64741.0,3.77,0.15
National Westminster Bank Public Limited Company,,88461.0,94120.0,97511.0,3.6,10.23
Accord Mortgages Limited,992.0,892.0,918.0,950.0,3.49,6.5
UK Mortgage Lending LTD,656.0,652.0,705.0,682.0,-3.26,4.6
American International Group UK Limited,3167.0,1109.0,925.0,955.0,3.24,-13.89
Bank Of Scotland PLC,78357.0,74404.0,77714.0,79508.0,2.31,6.86
Charter Court Financial Services Limited,2192.0,2022.0,1874.0,1834.0,-2.13,-9.3
Aviva Health UK Limited,1606.0,1337.0,1262.0,1236.0,-2.06,-7.55
Aioi Nissay Dowa Insurance UK Limited,2542.0,2193.0,1585.0,1554.0,-1.96,-29.14
Avantia Insurance Limited,1764.0,1437.0,1122.0,1100.0,-1.96,-23.45
I Go 4 Ltd.,1208.0,890.0,940.0,958.0,1.91,7.64
Call Assist Limited,,,711.0,724.0,1.83,
Lloyds Bank General Insurance Limited,6428.0,5611.0,5782.0,5683.0,-1.71,1.28
Aviva Insurance Limited,48518.0,49190.0,48979.0,49795.0,1.67,1.23
Fortegra Europe Insurance Company LTD,4001.0,3858.0,3743.0,3792.0,1.31,-1.71
Vitality Corporate Services Limited,9239.0,8702.0,10069.0,10197.0,1.27,17.18
The Mortgage Works (uk) PLC,1534.0,1576.0,1463.0,1481.0,1.23,-6.03
Covea Insurance PLC,2243.0,2490.0,2528.0,2497.0,-1.23,0.28
Asurion Europe Limited,1586.0,1431.0,1548.0,1566.0,1.16,9.43
Car Care Plan Limited,978.0,1043.0,886.0,876.0,-1.13,-16.01
Inter Partner Assistance Sa,7928.0,9669.0,8212.0,8125.0,-1.06,-15.97
Reassure Life Limited,979.0,758.0,669.0,663.0,-0.9,-12.53
Northern Bank Limited,1687.0,1536.0,1459.0,1446.0,-0.89,-5.86
U.s. Bank Europe Dac,,1859.0,1732.0,1747.0,0.87,-6.02
Newcastle Building Society,543.0,804.0,707.0,713.0,0.85,-11.32
Zempler Bank Limited,1769.0,1805.0,1507.0,1519.0,0.8,-15.84
The Royal Bank Of Scotland PLC,20286.0,19605.0,20019.0,19884.0,-0.67,1.42
Legal And General Assurance Society Limited,4816.0,4123.0,4437.0,4414.0,-0.52,7.06
Ageas Retail Limited,1096.0,993.0,912.0,909.0,-0.33,-8.46
Elderbridge Limited,974.0,919.0,756.0,758.0,0.26,-17.52
True Potential Wealth Management LLP,,,,1042.0,,
Carfinance247 Limited,146.0,158.0,,199.0,,25.95
Antares Insurance Company Limited,,,,650.0,,
Ebs Pensions Limited,,,,1176.0,,
Reassured Limited,,,,604.0,,
J.p. Morgan Personal Investing Limited,,,,1126.0,,
Caf Bank Limited,,,,1060.0,,
Ubs Ag,,,,548.0,,
Leaseplan UK Limited,3.0,20.0,,23.0,,15.0
Acorn Insurance And Financial Services Limited,,,,766.0,,
Eversure Limited,,,,612.0,,
London & Country Mortgages Limited,,,,644.0,,
Marks And Spencer Financial Services PLC,,,,5264.0,,
Fce Bank PLC,94.0,146.0,,154.0,,5.48
Fil Life Insurance Limited,,,,517.0,,
Experian Limited,3.0,2.0,0.0,1.0,,-50.0
Extracover Limited,561.0,519.0,,1114.0,,114.64
Etoro (uk) Limited,,,,504.0,,
The Co-operative Bank P.l.c.,,,,9622.0,,
Octopus Money Unit Trust Managers Limited,,,,622.0,,
One Sure Insurance Limited,,,,770.0,,
Creation Consumer Finance Limited,,,,10537.0,,
Lexham Insurance Consultants Limited,,,,583.0,,
Quilter Investment Platform Limited,610.0,,,516.0,,
Animal Friends Insurance Services Limited,,,,3482.0,,
Ascent Performance Group Limited,,,,514.0,,
Carmoola Limited,,,,0.0,,
"Royal London Mutual Insurance Society, Limited (the)",,,,8414.0,,
