firm_name,reporting_period,avg_pct_closed_3days,avg_pct_closed_3to8weeks,avg_pct_within_8weeks,complaints_opened,fast_closure_rank
Adrian Flux Insurance Services Group,2025H2,94.0,5.84,99.84,2518.0,1
Exeter Friendly Society Limited,2025H2,86.29,13.52,99.81,1050.0,2
One Sure Insurance Limited,2025H2,86.14,13.86,100.0,770.0,3
Axa Insurance Designated Activity Company,2025H2,84.47,12.16,96.63,1817.0,4
Homeserve Membership Limited,2025H2,80.97,18.47,99.44,2358.0,5
Avantia Insurance Limited,2025H2,79.71,20.2,99.91,1100.0,6
Utility Warehouse Limited,2025H2,79.51,6.99,86.5,2188.0,7
Newcastle Building Society,2025H2,76.32,23.68,100.0,713.0,8
Atlanta Insurance Intermediaries Limited,2025H2,76.27,23.51,99.78,8517.0,9
Marks And Spencer Financial Services PLC,2025H2,75.45,24.48,99.93,5264.0,10
Carole Nash Insurance Consultants Limited,2025H2,74.97,24.99,99.96,2650.0,11
Domestic & General Insurance PLC,2025H2,74.95,23.92,98.87,56025.0,12
Saga Services Limited,2025H2,74.13,24.89,99.02,7519.0,13
Somerset Bridge Insurance Services Limited,2025H2,69.43,30.57,100.0,1472.0,14
British Gas Services Limited,2025H2,68.79,27.5,96.29,49016.0,15
Pinnacle Insurance Limited,2025H2,68.1,31.87,99.97,3405.0,16
Bisl Limited,2025H2,68.0,31.37,99.37,11577.0,17
One Call Insurance Services Limited,2025H2,67.57,32.3,99.87,2980.0,18
Principality Building Society,2025H2,66.62,32.82,99.44,1059.0,19
Munich Re Digital Partners Limited,2025H2,65.28,31.38,96.66,5012.0,20
Assurant General Insurance Limited,2025H2,65.0,34.08,99.08,6731.0,21
Reassured Limited,2025H2,64.8,34.38,99.18,604.0,22
TSB Bank PLC,2025H2,63.23,36.28,99.51,33705.0,23
Vodafone Limited,2025H2,61.26,38.74,100.0,252.0,24
Rac Financial Services Limited,2025H2,60.8,38.94,99.74,9491.0,25
Etoro (uk) Limited,2025H2,58.56,39.49,98.05,504.0,26
Bupa Insurance Services Limited,2025H2,58.12,41.62,99.74,28091.0,27
Automobile Association Insurance Services Limited,2025H2,56.81,37.91,94.72,6657.0,28
Leeds Building Society,2025H2,56.6,43.19,99.79,2645.0,29
First Central Insurance Management Limited,2025H2,55.5,42.31,97.81,8797.0,30
Close Brothers Limited,2025H2,55.36,44.25,99.61,382.0,31
I Go 4 Ltd.,2025H2,54.12,45.56,99.68,958.0,32
Barclays Bank UK PLC,2025H2,53.21,40.72,93.93,85996.0,33
Halifax Share Dealing Limited,2025H2,53.04,42.38,95.42,541.0,34
Liverpool Victoria Financial Services Limited,2025H2,52.35,45.49,97.84,1828.0,35
Sabre Insurance Company Limited,2025H2,51.98,48.02,100.0,644.0,36
Insurance Factory Limited,2025H2,51.55,48.3,99.85,1266.0,37
Axa Ppp Healthcare Limited,2025H2,50.99,47.49,98.48,19555.0,38
Fce Bank PLC,2025H2,49.7,50.3,100.0,154.0,39
Aviva Health UK Limited,2025H2,49.37,47.49,96.86,1236.0,40
Car Care Plan Limited,2025H2,49.27,50.73,100.0,876.0,41
Ageas Retail Limited,2025H2,48.87,50.79,99.66,909.0,42
RBS Collective Investment Funds Limited,2025H2,48.81,49.16,97.97,1342.0,43
Telefonica UK Limited,2025H2,48.78,49.48,98.26,314.0,44
Complete Cover Group LTD,2025H2,48.15,51.85,100.0,560.0,45
Family Equity Plan Limited,2025H2,47.91,51.8,99.71,908.0,46
Eui Limited,2025H2,47.57,46.01,93.58,60221.0,47
U K Insurance Limited,2025H2,47.41,49.1,96.51,37282.0,48
Swift 1st Limited,2025H2,46.26,53.74,100.0,636.0,49
Tesco Personal Finance Limited,2025H2,45.63,54.35,99.98,4861.0,50
Vitality Corporate Services Limited,2025H2,45.49,49.54,95.03,10197.0,51
Esure Insurance Limited,2025H2,44.54,50.62,95.16,11352.0,52
Aviva Insurance Limited,2025H2,43.49,54.18,97.67,49795.0,53
Tradex Insurance Company PLC,2025H2,43.43,52.84,96.27,3950.0,54
Bank Of Ireland (uk) PLC,2025H2,43.24,53.5,96.74,2617.0,55
Admiral Financial Services Limited,2025H2,42.86,57.14,100.0,16.0,56
Acorn Insurance And Financial Services Limited,2025H2,42.78,57.09,99.87,766.0,57
Clearbank Limited,2025H2,42.24,57.68,99.92,3339.0,58
Metro Bank PLC,2025H2,42.13,57.43,99.56,11244.0,59
Embark Investment Services Limited,2025H2,41.02,54.38,95.4,759.0,60
Extracover Limited,2025H2,40.67,59.33,100.0,1114.0,61
Aj Bell Securities Limited,2025H2,40.59,59.38,99.97,1500.0,62
Barclays Bank PLC,2025H2,40.47,51.83,92.3,10414.0,63
Reassure Limited,2025H2,40.27,46.51,86.77,4463.0,64
Forester Life Limited,2025H2,39.56,58.46,98.02,544.0,65
Evolution Insurance Company Limited,2025H2,38.69,54.23,92.92,582.0,66
Aldermore Bank PLC,2025H2,38.46,59.91,98.37,1445.0,67
Hood Travel Limited,2025H2,38.08,60.81,98.89,711.0,68
Asurion Europe Limited,2025H2,38.0,62.0,100.0,1566.0,69
Yorkshire Building Society,2025H2,37.6,61.73,99.34,2373.0,70
Aj Bell Management Limited,2025H2,37.39,62.42,99.81,1051.0,71
Home Retail Group Card Services Limited,2025H2,36.29,63.14,99.43,3824.0,72
The Co-operative Bank P.l.c.,2025H2,36.26,63.1,99.36,9622.0,73
Liverpool Victoria Insurance Company Limited,2025H2,36.11,48.16,84.27,12025.0,74
Intact Insurance UK Limited,2025H2,36.06,55.61,91.67,5765.0,75
Santander UK PLC,2025H2,35.2,57.27,92.47,64741.0,76
MBNA Limited,2025H2,35.04,28.2,63.24,8796.0,77
Hbos Investment Fund Managers Limited,2025H2,34.9,60.7,95.6,673.0,78
UK Mortgage Lending LTD,2025H2,34.21,64.39,98.6,682.0,79
J.p. Morgan Europe Limited,2025H2,34.15,65.76,99.91,8343.0,80
M & G Securities Limited,2025H2,33.55,63.76,97.31,786.0,81
Arthur J. Gallagher Insurance Brokers Limited,2025H2,33.17,64.74,97.91,977.0,82
Acromas Insurance Company Limited,2025H2,33.07,65.13,98.2,1840.0,83
Reassure Life Limited,2025H2,32.82,59.08,91.9,663.0,84
Charter Court Financial Services Limited,2025H2,32.58,66.88,99.46,1834.0,85
Nationwide Building Society,2025H2,32.07,67.37,99.43,69388.0,86
Howserv Limited,2025H2,31.91,67.42,99.33,3281.0,87
Wesleyan Assurance Society,2025H2,31.81,64.78,96.59,744.0,88
Vanquis Bank Limited,2025H2,31.79,66.02,97.81,18304.0,89
West Bay Insurance PLC,2025H2,31.44,57.22,88.66,507.0,90
Axa Insurance UK PLC,2025H2,31.17,63.44,94.61,16052.0,91
Ubs Ag,2025H2,30.76,66.01,96.77,548.0,92
Skipton Building Society,2025H2,30.71,69.01,99.71,4641.0,93
Simplyhealth Access,2025H2,30.1,69.8,99.9,2101.0,94
Lloyds Bank PLC,2025H2,30.04,58.13,88.17,90837.0,95
Northern Bank Limited,2025H2,29.97,70.03,100.0,1446.0,96
Legal And General Assurance Society Limited,2025H2,29.68,68.49,98.17,4414.0,97
Topaz Finance Limited,2025H2,29.65,67.9,97.55,3173.0,98
Ageas Insurance Limited,2025H2,29.11,64.58,93.69,4403.0,99
"Royal London Mutual Insurance Society, Limited (the)",2025H2,28.6,64.89,93.48,8414.0,100
Hastings Insurance Services Limited,2025H2,28.5,68.58,97.08,19781.0,101
Coventry Building Society,2025H2,28.37,71.59,99.96,4145.0,102
Tesco Underwriting Limited,2025H2,28.15,58.93,87.08,2672.0,103
Eversure Limited,2025H2,28.1,70.09,98.19,612.0,104
Kensington Mortgage Company Limited,2025H2,27.79,71.73,99.52,1029.0,105
Bank Of Scotland PLC,2025H2,27.12,55.01,82.13,79508.0,106
Qmetric Group Limited,2025H2,26.99,72.63,99.62,3696.0,107
Aioi Nissay Dowa Insurance UK Limited,2025H2,26.92,71.88,98.8,1554.0,108
Millennium Insurance Company Limited,2025H2,26.5,71.14,97.64,542.0,109
Paragon Bank PLC,2025H2,26.44,70.57,97.01,1002.0,110
Society Of Lloyd's,2025H2,26.37,70.88,97.25,5669.0,111
Castelan Limited,2025H2,26.31,67.38,93.69,742.0,112
Shawbrook Bank Limited,2025H2,26.29,70.66,96.95,1280.0,113
Zempler Bank Limited,2025H2,26.27,73.73,100.0,1519.0,114
Lloyds Bank General Insurance Limited,2025H2,25.86,66.88,92.74,5683.0,115
Inter Partner Assistance Sa,2025H2,25.86,71.76,97.62,8125.0,115
Highway Insurance Company Limited,2025H2,25.61,57.1,82.71,611.0,117
Trading 212 UK Limited,2025H2,25.5,74.45,99.95,2204.0,118
Scottish Widows Limited,2025H2,25.43,68.1,93.53,7762.0,119
HSBC UK Bank PLC,2025H2,25.42,63.58,89.0,81503.0,120
Call Assist Limited,2025H2,24.59,75.14,99.73,724.0,121
Hargreaves Lansdown Asset Management Limited,2025H2,24.3,73.06,97.36,7021.0,122
Arag Legal Expenses Insurance Company Limited,2025H2,24.27,71.15,95.42,2976.0,123
Canada Life Limited,2025H2,24.13,70.31,94.44,546.0,124
Accredited Insurance (europe) LTD,2025H2,24.05,74.0,98.05,4337.0,125
Clydesdale Bank PLC,2025H2,23.98,69.28,93.26,34185.0,126
National Westminster Bank Public Limited Company,2025H2,23.9,54.78,78.69,97511.0,127
Phoenix Life Limited,2025H2,23.39,69.51,92.9,17086.0,128
The Mortgage Works (uk) PLC,2025H2,23.39,76.35,99.74,1481.0,128
J.p. Morgan Personal Investing Limited,2025H2,23.39,75.89,99.28,1126.0,128
Starr International (europe) Limited,2025H2,23.27,76.36,99.63,1075.0,131
Telefonica Seguros Y Reaseguros Compania Aseguradora S.a.u.,2025H2,23.23,76.31,99.54,2771.0,132
U.s. Bank Europe Dac,2025H2,22.96,76.65,99.61,1747.0,133
Allianz Insurance PLC,2025H2,22.88,75.49,98.37,2908.0,134
Antares Insurance Company Limited,2025H2,22.22,76.77,98.99,650.0,135
Aviva Life Services UK Limited,2025H2,22.04,66.42,88.45,26131.0,136
Onesavings Bank PLC,2025H2,21.87,73.65,95.52,2292.0,137
Sainsbury's Bank PLC,2025H2,21.8,76.87,98.66,1602.0,138
The Royal Bank Of Scotland PLC,2025H2,21.56,43.14,64.7,19884.0,139
Fil Life Insurance Limited,2025H2,21.54,67.28,88.82,517.0,140
Animal Friends Insurance Services Limited,2025H2,20.78,79.1,99.88,3482.0,141
Countrywide Assured PLC,2025H2,20.47,60.68,81.15,787.0,142
Zopa Bank Limited,2025H2,20.16,79.77,99.93,6391.0,143
Phoenix Life Ca Limited,2025H2,20.12,60.66,80.78,892.0,144
Rothesay Life PLC,2025H2,20.04,79.79,99.83,553.0,145
Cofunds Limited,2025H2,19.91,79.52,99.43,772.0,146
Starling Bank Limited,2025H2,19.9,79.86,99.76,17323.0,147
Acm Ulr Limited,2025H2,19.58,76.08,95.66,636.0,148
Fortegra Europe Insurance Company LTD,2025H2,19.43,76.37,95.8,3792.0,149
Ikano Bank Ab (publ),2025H2,19.33,77.97,97.3,879.0,150
Equiniti Financial Services Limited,2025H2,19.16,80.77,99.93,2875.0,151
Accord Mortgages Limited,2025H2,18.96,80.04,99.0,950.0,152
Coutts & Company,2025H2,18.77,70.05,88.82,1845.0,153
Cabot Credit Management Group Limited,2025H2,18.18,70.45,88.63,35.0,154
American International Group UK Limited,2025H2,18.08,81.05,99.13,955.0,155
Interactive Investor Services Limited,2025H2,17.95,78.26,96.2,2756.0,156
Covea Insurance PLC,2025H2,17.92,75.91,93.83,2497.0,157
Chubb European Group Se,2025H2,17.59,78.15,95.74,4417.0,158
Pepper (uk) Limited,2025H2,17.13,80.78,97.91,723.0,159
Lexham Insurance Consultants Limited,2025H2,16.86,81.82,98.68,583.0,160
Advisory Insurance Brokers Limited,2025H2,16.84,76.6,93.44,651.0,161
Zurich Assurance LTD,2025H2,16.58,82.31,98.88,2896.0,162
Marshmallow Financial Services LTD,2025H2,16.29,77.68,93.97,4208.0,163
Astrenska Insurance Limited,2025H2,15.99,80.99,96.98,2862.0,164
Financial Administration Services Limited,2025H2,15.7,68.58,84.28,2028.0,165
London & Country Mortgages Limited,2025H2,15.61,83.21,98.83,644.0,166
Awp Assistance UK LTD,2025H2,15.46,84.07,99.53,3144.0,167
Ergo Travel Insurance Services LTD,2025H2,14.49,78.21,92.7,4524.0,168
Capital One (europe) PLC,2025H2,14.39,68.39,82.78,30593.0,169
Octopus Money Unit Trust Managers Limited,2025H2,14.32,85.56,99.88,622.0,170
Leaseplan UK Limited,2025H2,14.29,61.9,76.19,23.0,171
"Vanguard Asset Management, Ltd.",2025H2,14.18,67.62,81.8,1644.0,172
People's Administration Services Limited,2025H2,13.8,82.68,96.48,2731.0,173
The Prudential Assurance Company Limited,2025H2,13.66,65.47,79.13,9892.0,174
The National Farmers' Union Mutual Insurance Society Limited,2025H2,13.32,85.31,98.62,5076.0,175
Aviva Protection UK Limited,2025H2,12.75,72.64,85.39,760.0,176
Xbridge Limited,2025H2,11.3,87.72,99.02,1240.0,177
Firstrand Bank Limited,2025H2,11.11,61.11,72.22,16.0,178
Awp P&c S.a.,2025H2,10.73,87.49,98.22,2042.0,179
Scottish Friendly Assurance Society Limited,2025H2,10.18,82.82,93.0,985.0,180
American Express Services Europe Limited,2025H2,9.79,87.3,97.08,14814.0,181
Ascent Performance Group Limited,2025H2,9.37,90.64,100.0,514.0,182
Carfinance247 Limited,2025H2,9.13,90.38,99.51,199.0,183
Zurich Insurance Company LTD,2025H2,9.09,73.62,82.71,3407.0,184
James Hay Administration Company Limited,2025H2,9.02,80.46,89.48,764.0,185
Helvetia Global Solutions LTD,2025H2,8.79,89.66,98.45,965.0,186
Creation Consumer Finance Limited,2025H2,8.66,81.31,89.97,10537.0,187
Amtrust Specialty Limited,2025H2,8.63,83.25,91.88,1976.0,188
Casualty & General Insurance Company (europe) LTD,2025H2,8.49,78.28,86.77,1027.0,189
Monzo Bank LTD,2025H2,8.32,77.52,85.85,49570.0,190
Usay Business LTD,2025H2,8.24,90.94,99.18,629.0,191
Secure Trust Bank Public Limited Company,2025H2,7.93,91.03,98.96,315.0,192
Caf Bank Limited,2025H2,7.44,91.8,99.24,1060.0,193
Metlife Europe D.a.c.,2025H2,7.05,76.5,83.55,1126.0,194
Scottish Equitable PLC,2025H2,6.69,46.42,53.11,5420.0,195
Ovo Home Services LTD,2025H2,6.68,91.54,98.22,1953.0,196
Interactive Brokers (u.k.) Limited,2025H2,6.56,80.33,86.89,1116.0,197
Manypets LTD,2025H2,6.53,91.46,97.99,3134.0,198
Motonovo Finance Limited,2025H2,5.56,83.33,88.89,18.0,199
Connells Limited,2025H2,5.04,94.25,99.28,608.0,200
Elderbridge Limited,2025H2,4.87,80.79,85.66,758.0,201
Qbe UK Limited,2025H2,4.72,73.67,78.39,910.0,202
National House-building Council,2025H2,4.27,95.73,100.0,745.0,203
True Potential Wealth Management LLP,2025H2,1.4,86.48,87.88,1038.0,204
Embark Services Limited,2025H2,1.39,34.03,35.42,730.0,205
Cynergy Bank PLC,2025H2,1.15,90.35,91.49,701.0,206
Quilter Life & Pensions Limited,2025H2,1.08,98.65,99.73,1076.0,207
St. James's Place UK PLC,2025H2,1.01,86.84,87.85,840.0,208
Shop Direct Finance Company Limited,2025H2,1.0,98.0,99.0,87.0,209
Ebs Pensions Limited,2025H2,0.64,40.08,40.72,1176.0,210
Quilter Investment Platform Limited,2025H2,0.6,99.4,100.0,516.0,211
St. James's Place Wealth Management PLC,2025H2,0.33,25.57,25.89,3725.0,212
Experian Limited,2025H2,0.0,100.0,100.0,1.0,213
Kroo Bank LTD,2025H2,0.0,99.15,99.15,820.0,213
Quilter Financial Services Limited,2025H2,0.0,100.0,100.0,580.0,213
Volkswagen Financial Services (uk) Limited,2025H2,0.0,4.55,4.55,15.0,213
Funding Circle LTD,2025H2,0.0,92.31,92.31,13.0,213
